iteration,loss
0,0.72900390625
1,0.7275390625
2,0.72509765625
3,0.72119140625
4,0.71826171875
5,0.71728515625
6,0.71484375
7,0.71142578125
8,0.71044921875
9,0.70703125
10,0.70556640625
11,0.70361328125
12,0.70068359375
13,0.69775390625
14,0.69580078125
15,0.693359375
16,0.68994140625
17,0.68798828125
18,0.685546875
19,0.6826171875
20,0.681640625
21,0.68017578125
22,0.677734375
23,0.67431640625
24,0.6708984375
25,0.67041015625
26,0.66650390625
27,0.6650390625
28,0.66259765625
29,0.66162109375
30,0.658203125
31,0.65673828125
32,0.65380859375
33,0.65185546875
34,0.64892578125
35,0.6474609375
36,0.6455078125
37,0.64404296875
38,0.6416015625
39,0.6396484375
40,0.6376953125
41,0.63720703125
42,0.63525390625
43,0.63330078125
44,0.6318359375
45,0.62890625
46,0.62841796875
47,0.62890625
48,0.6259765625
49,0.62548828125
50,0.62353515625
51,0.62158203125
52,0.61962890625
53,0.61865234375
54,0.61865234375
55,0.61669921875
56,0.61474609375
57,0.6142578125
58,0.61181640625
59,0.61279296875
60,0.61083984375
61,0.6083984375
62,0.609375
63,0.60791015625
64,0.6064453125
65,0.60595703125
66,0.60498046875
67,0.603515625
68,0.6025390625
69,0.6015625
70,0.6005859375
71,0.60009765625
72,0.599609375
73,0.59814453125
74,0.59716796875
75,0.59716796875
76,0.59521484375
77,0.5947265625
78,0.5947265625
79,0.5927734375
80,0.591796875
81,0.59228515625
82,0.59130859375
83,0.58984375
84,0.58837890625
85,0.587890625
86,0.587890625
87,0.58642578125
88,0.58642578125
89,0.5859375
90,0.58447265625
91,0.583984375
92,0.5830078125
93,0.58251953125
94,0.5810546875
95,0.580078125
96,0.5791015625
97,0.5791015625
98,0.57861328125
99,0.5771484375
100,0.578125
101,0.576171875
102,0.5751953125
103,0.5751953125
104,0.5751953125
105,0.57373046875
106,0.57373046875
107,0.572265625
108,0.572265625
109,0.5712890625
110,0.57080078125
111,0.5703125
112,0.56982421875
113,0.568359375
114,0.56689453125
115,0.5673828125
116,0.56640625
117,0.5654296875
118,0.564453125
119,0.564453125
120,0.56396484375
121,0.56298828125
122,0.56298828125
123,0.5615234375
124,0.560546875
125,0.560546875
126,0.56005859375
127,0.5595703125
128,0.55859375
129,0.55810546875
130,0.55712890625
131,0.5576171875
132,0.55615234375
133,0.5556640625
134,0.55419921875
135,0.5546875
136,0.55322265625
137,0.5537109375
138,0.552734375
139,0.552734375
140,0.55078125
141,0.55078125
142,0.55029296875
143,0.54931640625
144,0.54833984375
145,0.548828125
146,0.54833984375
147,0.54736328125
148,0.54638671875
149,0.54541015625
150,0.5458984375
151,0.54443359375
152,0.54443359375
153,0.5439453125
154,0.5439453125
155,0.54248046875
156,0.54150390625
157,0.541015625
158,0.5419921875
159,0.54052734375
160,0.5400390625
161,0.53955078125
162,0.5380859375
163,0.5380859375
164,0.5390625
165,0.53662109375
166,0.537109375
167,0.5361328125
168,0.53564453125
169,0.53466796875
170,0.53369140625
171,0.5341796875
172,0.53369140625
173,0.53173828125
174,0.5322265625
175,0.5302734375
176,0.53173828125
177,0.5302734375
178,0.5283203125
179,0.52978515625
180,0.5283203125
181,0.52783203125
182,0.52783203125
183,0.52734375
184,0.5263671875
185,0.525390625
186,0.52490234375
187,0.5244140625
188,0.52490234375
189,0.5244140625
190,0.5234375
191,0.52294921875
192,0.52294921875
193,0.52099609375
194,0.52099609375
195,0.52197265625
196,0.52001953125
197,0.51953125
198,0.52001953125
199,0.52001953125
200,0.51806640625
201,0.517578125
202,0.5166015625
203,0.517578125
204,0.51611328125
205,0.51611328125
206,0.5166015625
207,0.51513671875
208,0.5146484375
209,0.51416015625
210,0.513671875
211,0.51318359375
212,0.51220703125
213,0.51171875
214,0.51171875
215,0.51171875
216,0.51025390625
217,0.51123046875
218,0.509765625
219,0.50927734375
220,0.50927734375
221,0.509765625
222,0.50830078125
223,0.50830078125
224,0.50732421875
225,0.50732421875
226,0.50634765625
227,0.505859375
228,0.50634765625
229,0.50537109375
230,0.5048828125
231,0.50341796875
232,0.50390625
233,0.5029296875
234,0.50244140625
235,0.50146484375
236,0.50146484375
237,0.50146484375
238,0.5009765625
239,0.50048828125
240,0.5
241,0.499267578125
242,0.4990234375
243,0.498779296875
244,0.498291015625
245,0.497802734375
246,0.497314453125
247,0.496826171875
248,0.4970703125
249,0.49609375
250,0.49609375
251,0.49462890625
252,0.49560546875
253,0.493896484375
254,0.49462890625
255,0.49365234375
256,0.493896484375
257,0.49267578125
258,0.492431640625
259,0.491943359375
260,0.491455078125
261,0.49072265625
262,0.490966796875
263,0.49072265625
264,0.490234375
265,0.4892578125
266,0.489013671875
267,0.489013671875
268,0.48828125
269,0.488037109375
270,0.48779296875
271,0.488037109375
272,0.486572265625
273,0.48583984375
274,0.48583984375
275,0.486572265625
276,0.4853515625
277,0.485107421875
278,0.484619140625
279,0.4833984375
280,0.4833984375
281,0.484619140625
282,0.482666015625
283,0.48291015625
284,0.482177734375
285,0.48193359375
286,0.481201171875
287,0.48046875
288,0.480712890625
289,0.480712890625
290,0.479248046875
291,0.4794921875
292,0.478271484375
293,0.479248046875
294,0.477783203125
295,0.476806640625
296,0.47802734375
297,0.4765625
298,0.4765625
299,0.4765625
300,0.47607421875
301,0.47509765625
302,0.474853515625
303,0.474365234375
304,0.47412109375
305,0.47412109375
306,0.474365234375
307,0.473388671875
308,0.472900390625
309,0.472900390625
310,0.471435546875
311,0.471435546875
312,0.472412109375
313,0.470703125
314,0.47021484375
315,0.470947265625
316,0.470703125
317,0.46923828125
318,0.468994140625
319,0.46826171875
320,0.468994140625
321,0.468017578125
322,0.4677734375
323,0.46826171875
324,0.46728515625
325,0.466552734375
326,0.46630859375
327,0.466064453125
328,0.465576171875
329,0.465087890625
330,0.464599609375
331,0.464599609375
332,0.464599609375
333,0.46337890625
334,0.464111328125
335,0.463134765625
336,0.462646484375
337,0.462646484375
338,0.462890625
339,0.4619140625
340,0.462158203125
341,0.461181640625
342,0.46142578125
343,0.460693359375
344,0.460205078125
345,0.46044921875
346,0.4599609375
347,0.45947265625
348,0.45849609375
349,0.458740234375
350,0.4580078125
351,0.457275390625
352,0.45703125
353,0.45703125
354,0.456787109375
355,0.45654296875
356,0.456298828125
357,0.455810546875
358,0.455078125
359,0.455078125
360,0.454833984375
361,0.454833984375
362,0.453857421875
363,0.45361328125
364,0.453369140625
365,0.45361328125
366,0.45263671875
367,0.452880859375
368,0.45166015625
369,0.452392578125
370,0.450927734375
371,0.451416015625
372,0.45068359375
373,0.451171875
374,0.4501953125
375,0.449951171875
376,0.44970703125
377,0.44921875
378,0.4482421875
379,0.448974609375
380,0.448486328125
381,0.4482421875
382,0.447265625
383,0.447265625
384,0.447265625
385,0.44677734375
386,0.44677734375
387,0.4462890625
388,0.446533203125
389,0.445556640625
390,0.44482421875
391,0.44482421875
392,0.4453125
393,0.4443359375
394,0.444091796875
395,0.44384765625
396,0.44287109375
397,0.443115234375
398,0.443603515625
399,0.4423828125
400,0.442626953125
401,0.44189453125
402,0.441650390625
403,0.44091796875
404,0.440673828125
405,0.440673828125
406,0.440673828125
407,0.439697265625
408,0.439697265625
409,0.43896484375
410,0.439453125
411,0.438232421875
412,0.437744140625
413,0.438720703125
414,0.4375
415,0.4375
416,0.4375
417,0.43701171875
418,0.4365234375
419,0.436279296875
420,0.435791015625
421,0.435546875
422,0.435546875
423,0.435791015625
424,0.43505859375
425,0.4345703125
426,0.434326171875
427,0.43359375
428,0.433349609375
429,0.434326171875
430,0.432861328125
431,0.4326171875
432,0.43310546875
433,0.432861328125
434,0.431884765625
435,0.431640625
436,0.430908203125
437,0.431640625
438,0.430908203125
439,0.4306640625
440,0.430908203125
441,0.43017578125
442,0.429443359375
443,0.429443359375
444,0.42919921875
445,0.428955078125
446,0.428466796875
447,0.42822265625
448,0.427978515625
449,0.427978515625
450,0.427001953125
451,0.427490234375
452,0.427001953125
453,0.426513671875
454,0.426513671875
455,0.4267578125
456,0.42578125
457,0.426025390625
458,0.42529296875
459,0.425537109375
460,0.4248046875
461,0.424560546875
462,0.424560546875
463,0.424072265625
464,0.423828125
465,0.4228515625
466,0.423095703125
467,0.4228515625
468,0.422119140625
469,0.422119140625
470,0.421875
471,0.421630859375
472,0.421630859375
473,0.42138671875
474,0.4208984375
475,0.42041015625
476,0.42041015625
477,0.420166015625
478,0.420166015625
479,0.419189453125
480,0.419189453125
481,0.418701171875
482,0.4189453125
483,0.418212890625
484,0.41845703125
485,0.41748046875
486,0.41796875
487,0.4169921875
488,0.417236328125
489,0.416748046875
490,0.4169921875
491,0.416259765625
492,0.416015625
493,0.415771484375
494,0.415283203125
495,0.41455078125
496,0.4150390625
497,0.414794921875
498,0.41455078125
499,0.413818359375
500,0.413818359375
501,0.41357421875
502,0.413330078125
503,0.413330078125
504,0.412841796875
505,0.4130859375
506,0.412109375
507,0.41162109375
508,0.411865234375
509,0.411865234375
510,0.4111328125
511,0.410888671875
512,0.410888671875
513,0.409912109375
514,0.41015625
515,0.410400390625
516,0.409423828125
517,0.40966796875
518,0.408935546875
519,0.408935546875
520,0.408447265625
521,0.407958984375
522,0.408203125
523,0.407958984375
524,0.4072265625
525,0.406982421875
526,0.40673828125
527,0.406982421875
528,0.40576171875
529,0.40576171875
530,0.40625
531,0.4052734375
532,0.4052734375
533,0.405517578125
534,0.40478515625
535,0.404296875
536,0.404296875
537,0.40380859375
538,0.40380859375
539,0.403564453125
540,0.40380859375
541,0.4033203125
542,0.40283203125
543,0.402587890625
544,0.40185546875
545,0.401611328125
546,0.40234375
547,0.4013671875
548,0.401123046875
549,0.4013671875
550,0.4013671875
551,0.400390625
552,0.400146484375
553,0.3994140625
554,0.400146484375
555,0.3994140625
556,0.399169921875
557,0.399658203125
558,0.39892578125
559,0.398193359375
560,0.398193359375
561,0.398193359375
562,0.397705078125
563,0.397216796875
564,0.397216796875
565,0.39697265625
566,0.39697265625
567,0.39599609375
568,0.396484375
569,0.39599609375
570,0.3955078125
571,0.395751953125
572,0.395751953125
573,0.39501953125
574,0.395263671875
575,0.394775390625
576,0.394775390625
577,0.39404296875
578,0.393798828125
579,0.39404296875
580,0.3935546875
581,0.393310546875
582,0.392333984375
583,0.392578125
584,0.392333984375
585,0.391845703125
586,0.3916015625
587,0.3916015625
588,0.391357421875
589,0.39111328125
590,0.39111328125
591,0.390625
592,0.390380859375
593,0.390380859375
594,0.389892578125
595,0.39013671875
596,0.38916015625
597,0.38916015625
598,0.388671875
599,0.388916015625
600,0.388427734375
601,0.388427734375
602,0.387451171875
603,0.38818359375
604,0.38720703125
605,0.387451171875
606,0.386962890625
607,0.386962890625
608,0.386474609375
609,0.38623046875
610,0.38623046875
611,0.3857421875
612,0.385009765625
613,0.385498046875
614,0.38525390625
615,0.385009765625
616,0.38427734375
617,0.38427734375
618,0.38427734375
619,0.384033203125
620,0.3837890625
621,0.383544921875
622,0.383544921875
623,0.383056640625
624,0.382568359375
625,0.382568359375
626,0.382568359375
627,0.382080078125
628,0.3818359375
629,0.381591796875
630,0.380859375
631,0.381103515625
632,0.38134765625
633,0.38037109375
634,0.380615234375
635,0.3798828125
636,0.380126953125
637,0.379638671875
638,0.379150390625
639,0.37939453125
640,0.379150390625
641,0.378662109375
642,0.37841796875
643,0.3779296875
644,0.378173828125
645,0.377197265625
646,0.377197265625
647,0.377685546875
648,0.376953125
649,0.376708984375
650,0.376953125
651,0.37646484375
652,0.3759765625
653,0.375732421875
654,0.37548828125
655,0.37548828125
656,0.375244140625
657,0.375244140625
658,0.375
659,0.37451171875
660,0.374267578125
661,0.373779296875
662,0.37353515625
663,0.3740234375
664,0.373046875
665,0.373046875
666,0.373291015625
667,0.373046875
668,0.372314453125
669,0.3720703125
670,0.37158203125
671,0.3720703125
672,0.37158203125
673,0.371337890625
674,0.371826171875
675,0.37109375
676,0.370361328125
677,0.370361328125
678,0.370361328125
679,0.3701171875
680,0.36962890625
681,0.369384765625
682,0.369140625
683,0.369140625
684,0.368408203125
685,0.36865234375
686,0.368408203125
687,0.367919921875
688,0.3681640625
689,0.3681640625
690,0.367431640625
691,0.367431640625
692,0.3671875
693,0.3671875
694,0.366455078125
695,0.3662109375
696,0.3662109375
697,0.36572265625
698,0.36572265625
699,0.36474609375
700,0.364990234375
701,0.36474609375
702,0.3642578125
703,0.3642578125
704,0.364013671875
705,0.364013671875
706,0.36376953125
707,0.363525390625
708,0.36328125
709,0.36279296875
710,0.363037109375
711,0.362548828125
712,0.362548828125
713,0.361572265625
714,0.36181640625
715,0.361328125
716,0.361572265625
717,0.361083984375
718,0.361083984375
719,0.3603515625
720,0.36083984375
721,0.35986328125
722,0.360107421875
723,0.359619140625
724,0.35986328125
725,0.359130859375
726,0.359130859375
727,0.359130859375
728,0.358642578125
729,0.35791015625
730,0.3583984375
731,0.358154296875
732,0.35791015625
733,0.357177734375
734,0.357177734375
735,0.357177734375
736,0.35693359375
737,0.356689453125
738,0.3564453125
739,0.3564453125
740,0.356201171875
741,0.35546875
742,0.355712890625
743,0.355712890625
744,0.35498046875
745,0.354736328125
746,0.354736328125
747,0.354248046875
748,0.354248046875
749,0.3544921875
750,0.353759765625
751,0.353759765625
752,0.353271484375
753,0.353271484375
754,0.35302734375
755,0.3525390625
756,0.3525390625
757,0.3525390625
758,0.35205078125
759,0.351806640625
760,0.3515625
761,0.3515625
762,0.3505859375
763,0.350830078125
764,0.35107421875
765,0.350341796875
766,0.350341796875
767,0.3505859375
768,0.349853515625
769,0.349365234375
770,0.349365234375
771,0.34912109375
772,0.34912109375
773,0.348876953125
774,0.348876953125
775,0.3486328125
776,0.348388671875
777,0.34814453125
778,0.34765625
779,0.34716796875
780,0.34765625
781,0.346923828125
782,0.346923828125
783,0.34716796875
784,0.346923828125
785,0.34619140625
786,0.345947265625
787,0.345458984375
788,0.345947265625
789,0.345458984375
790,0.345458984375
791,0.345703125
792,0.344970703125
793,0.344482421875
794,0.344482421875
795,0.344482421875
796,0.343994140625
797,0.34375
798,0.34375
799,0.343505859375
800,0.343505859375
801,0.3427734375
802,0.343017578125
803,0.3427734375
804,0.34228515625
805,0.342529296875
806,0.342529296875
807,0.341796875
808,0.341796875
809,0.341796875
810,0.341552734375
811,0.341064453125
812,0.3408203125
813,0.3408203125
814,0.340576171875
815,0.340576171875
816,0.339599609375
817,0.33984375
818,0.339599609375
819,0.33935546875
820,0.339111328125
821,0.3388671875
822,0.3388671875
823,0.338623046875
824,0.338623046875
825,0.33837890625
826,0.337890625
827,0.338134765625
828,0.337646484375
829,0.337890625
830,0.3369140625
831,0.337158203125
832,0.336669921875
833,0.3369140625
834,0.33642578125
835,0.33642578125
836,0.335693359375
837,0.336181640625
838,0.33544921875
839,0.33544921875
840,0.335205078125
841,0.335205078125
842,0.334716796875
843,0.33447265625
844,0.334716796875
845,0.334228515625
846,0.33349609375
847,0.333984375
848,0.333740234375
849,0.333740234375
850,0.3330078125
851,0.3330078125
852,0.3330078125
853,0.332763671875
854,0.33251953125
855,0.332275390625
856,0.332275390625
857,0.33203125
858,0.33154296875
859,0.33154296875
860,0.33154296875
861,0.3310546875
862,0.330810546875
863,0.33056640625
864,0.330078125
865,0.330322265625
866,0.330322265625
867,0.329833984375
868,0.329833984375
869,0.329345703125
870,0.329345703125
871,0.3291015625
872,0.328857421875
873,0.328857421875
874,0.32861328125
875,0.328125
876,0.328125
877,0.327880859375
878,0.327880859375
879,0.326904296875
880,0.3271484375
881,0.327392578125
882,0.326904296875
883,0.32666015625
884,0.326904296875
885,0.326416015625
886,0.325927734375
887,0.325927734375
888,0.32568359375
889,0.32568359375
890,0.325439453125
891,0.325439453125
892,0.3251953125
893,0.324951171875
894,0.32470703125
895,0.32421875
896,0.323974609375
897,0.32421875
898,0.323486328125
899,0.323486328125
900,0.32373046875
901,0.32373046875
902,0.322998046875
903,0.32275390625
904,0.322265625
905,0.322509765625
906,0.322265625
907,0.322265625
908,0.322509765625
909,0.32177734375
910,0.3212890625
911,0.3212890625
912,0.3212890625
913,0.321044921875
914,0.32080078125
915,0.320556640625
916,0.3203125
917,0.3203125
918,0.31982421875
919,0.320068359375
920,0.31982421875
921,0.3193359375
922,0.319580078125
923,0.319580078125
924,0.31884765625
925,0.319091796875
926,0.31884765625
927,0.31884765625
928,0.318359375
929,0.318115234375
930,0.318115234375
931,0.31787109375
932,0.31787109375
933,0.31689453125
934,0.31689453125
935,0.31689453125
936,0.316650390625
937,0.31640625
938,0.31640625
939,0.31640625
940,0.31591796875
941,0.31591796875
942,0.315673828125
943,0.3154296875
944,0.3154296875
945,0.31494140625
946,0.315185546875
947,0.314453125
948,0.314697265625
949,0.314208984375
950,0.314453125
951,0.31396484375
952,0.313720703125
953,0.313232421875
954,0.313720703125
955,0.31298828125
956,0.313232421875
957,0.31298828125
958,0.312744140625
959,0.3125
960,0.312255859375
961,0.3125
962,0.31201171875
963,0.311279296875
964,0.311767578125
965,0.3115234375
966,0.3115234375
967,0.310791015625
968,0.310791015625
969,0.310791015625
970,0.310546875
971,0.310546875
972,0.31005859375
973,0.31005859375
974,0.309814453125
975,0.309326171875
976,0.3095703125
977,0.309326171875
978,0.308837890625
979,0.308837890625
980,0.30859375
981,0.30810546875
982,0.308349609375
983,0.308349609375
984,0.307861328125
985,0.307861328125
986,0.307373046875
987,0.307373046875
988,0.30712890625
989,0.306884765625
990,0.306884765625
991,0.306884765625
992,0.306396484375
993,0.30615234375
994,0.30615234375
995,0.30615234375
996,0.30517578125
997,0.305419921875
998,0.3056640625
999,0.30517578125
1000,0.304931640625
1001,0.30517578125
1002,0.3046875
1003,0.30419921875
1004,0.30419921875
1005,0.30419921875
1006,0.303955078125
1007,0.303955078125
1008,0.3037109375
1009,0.3037109375
1010,0.30322265625
1011,0.30322265625
1012,0.302734375
1013,0.30224609375
1014,0.302734375
1015,0.302001953125
1016,0.302001953125
1017,0.30224609375
1018,0.302001953125
1019,0.301513671875
1020,0.30126953125
1021,0.301025390625
1022,0.301025390625
1023,0.30078125
1024,0.30078125
1025,0.30126953125
1026,0.300537109375
1027,0.300048828125
1028,0.2998046875
1029,0.300048828125
1030,0.2998046875
1031,0.29931640625
1032,0.29931640625
1033,0.299072265625
1034,0.299072265625
1035,0.298583984375
1036,0.298583984375
1037,0.298583984375
1038,0.298095703125
1039,0.29833984375
1040,0.29833984375
1041,0.2978515625
1042,0.2978515625
1043,0.297607421875
1044,0.297607421875
1045,0.297119140625
1046,0.297119140625
1047,0.296875
1048,0.296630859375
1049,0.296630859375
1050,0.295654296875
1051,0.2958984375
1052,0.2958984375
1053,0.295654296875
1054,0.29541015625
1055,0.29541015625
1056,0.29541015625
1057,0.295166015625
1058,0.294921875
1059,0.294921875
1060,0.29443359375
1061,0.294677734375
1062,0.294189453125
1063,0.29443359375
1064,0.29345703125
1065,0.293701171875
1066,0.293212890625
1067,0.29345703125
1068,0.29296875
1069,0.29296875
1070,0.29248046875
1071,0.29296875
1072,0.292236328125
1073,0.29248046875
1074,0.292236328125
1075,0.2919921875
1076,0.291748046875
1077,0.29150390625
1078,0.291748046875
1079,0.291259765625
1080,0.290771484375
1081,0.291015625
1082,0.290771484375
1083,0.290771484375
1084,0.2900390625
1085,0.290283203125
1086,0.290283203125
1087,0.2900390625
1088,0.289794921875
1089,0.28955078125
1090,0.28955078125
1091,0.289306640625
1092,0.288818359375
1093,0.2890625
1094,0.288818359375
1095,0.288330078125
1096,0.288330078125
1097,0.2880859375
1098,0.28759765625
1099,0.2880859375
1100,0.287841796875
1101,0.287353515625
1102,0.287353515625
1103,0.286865234375
1104,0.287109375
1105,0.286865234375
1106,0.28662109375
1107,0.28662109375
1108,0.28662109375
1109,0.2861328125
1110,0.285888671875
1111,0.285888671875
1112,0.285888671875
1113,0.284912109375
1114,0.28515625
1115,0.285400390625
1116,0.284912109375
1117,0.28466796875
1118,0.284912109375
1119,0.284423828125
1120,0.283935546875
1121,0.2841796875
1122,0.283935546875
1123,0.283935546875
1124,0.28369140625
1125,0.28369140625
1126,0.283447265625
1127,0.283203125
1128,0.283203125
1129,0.28271484375
1130,0.2822265625
1131,0.28271484375
1132,0.281982421875
1133,0.281982421875
1134,0.2822265625
1135,0.281982421875
1136,0.281494140625
1137,0.281494140625
1138,0.281005859375
1139,0.28125
1140,0.281005859375
1141,0.281005859375
1142,0.28125
1143,0.280517578125
1144,0.2802734375
1145,0.280029296875
1146,0.280029296875
1147,0.27978515625
1148,0.279541015625
1149,0.279541015625
1150,0.279296875
1151,0.279296875
1152,0.27880859375
1153,0.279052734375
1154,0.27880859375
1155,0.2783203125
1156,0.278564453125
1157,0.278564453125
1158,0.278076171875
1159,0.278076171875
1160,0.278076171875
1161,0.27783203125
1162,0.277587890625
1163,0.27734375
1164,0.27734375
1165,0.277099609375
1166,0.277099609375
1167,0.276123046875
1168,0.2763671875
1169,0.2763671875
1170,0.276123046875
1171,0.27587890625
1172,0.27587890625
1173,0.27587890625
1174,0.275634765625
1175,0.275390625
1176,0.275390625
1177,0.275146484375
1178,0.275146484375
1179,0.274658203125
1180,0.27490234375
1181,0.274169921875
1182,0.2744140625
1183,0.27392578125
1184,0.274169921875
1185,0.273681640625
1186,0.273681640625
1187,0.273193359375
1188,0.273681640625
1189,0.27294921875
1190,0.27294921875
1191,0.27294921875
1192,0.272705078125
1193,0.2724609375
1194,0.272216796875
1195,0.272705078125
1196,0.27197265625
1197,0.271484375
1198,0.271728515625
1199,0.271484375
1200,0.271728515625
1201,0.27099609375
1202,0.27099609375
1203,0.27099609375
1204,0.27099609375
1205,0.270751953125
1206,0.2705078125
1207,0.2705078125
1208,0.270263671875
1209,0.269775390625
1210,0.27001953125
1211,0.269775390625
1212,0.269287109375
1213,0.269287109375
1214,0.26904296875
1215,0.268798828125
1216,0.26904296875
1217,0.268798828125
1218,0.2685546875
1219,0.268310546875
1220,0.26806640625
1221,0.26806640625
1222,0.26806640625
1223,0.267578125
1224,0.267822265625
1225,0.267578125
1226,0.26708984375
1227,0.26708984375
1228,0.266845703125
1229,0.26708984375
1230,0.26611328125
1231,0.266357421875
1232,0.2666015625
1233,0.26611328125
1234,0.265869140625
1235,0.26611328125
1236,0.265625
1237,0.265380859375
1238,0.265380859375
1239,0.265380859375
1240,0.26513671875
1241,0.264892578125
1242,0.264892578125
1243,0.264892578125
1244,0.2646484375
1245,0.264404296875
1246,0.26416015625
1247,0.263671875
1248,0.263916015625
1249,0.263427734375
1250,0.263427734375
1251,0.263671875
1252,0.263427734375
1253,0.262939453125
1254,0.2626953125
1255,0.262451171875
1256,0.2626953125
1257,0.262451171875
1258,0.262451171875
1259,0.2626953125
1260,0.261962890625
1261,0.26171875
1262,0.261474609375
1263,0.26171875
1264,0.261474609375
1265,0.26123046875
1266,0.26123046875
1267,0.260986328125
1268,0.260986328125
1269,0.26025390625
1270,0.260498046875
1271,0.260498046875
1272,0.260009765625
1273,0.26025390625
1274,0.26025390625
1275,0.259765625
1276,0.259765625
1277,0.259765625
1278,0.259521484375
1279,0.25927734375
1280,0.259033203125
1281,0.259033203125
1282,0.2587890625
1283,0.2587890625
1284,0.2578125
1285,0.258056640625
1286,0.25830078125
1287,0.2578125
1288,0.2578125
1289,0.257568359375
1290,0.2578125
1291,0.25732421875
1292,0.25732421875
1293,0.257080078125
1294,0.2568359375
1295,0.257080078125
1296,0.256591796875
1297,0.2568359375
1298,0.255859375
1299,0.25634765625
1300,0.255859375
1301,0.256103515625
1302,0.255615234375
1303,0.255615234375
1304,0.255126953125
1305,0.255615234375
1306,0.2548828125
1307,0.255126953125
1308,0.2548828125
1309,0.254638671875
1310,0.25439453125
1311,0.254150390625
1312,0.254638671875
1313,0.254150390625
1314,0.25341796875
1315,0.25390625
1316,0.253662109375
1317,0.253662109375
1318,0.253173828125
1319,0.253173828125
1320,0.253173828125
1321,0.253173828125
1322,0.2529296875
1323,0.252685546875
1324,0.252685546875
1325,0.25244140625
1326,0.251953125
1327,0.252197265625
1328,0.251953125
1329,0.251708984375
1330,0.25146484375
1331,0.25146484375
1332,0.2509765625
1333,0.251220703125
1334,0.2509765625
1335,0.250732421875
1336,0.250732421875
1337,0.250244140625
1338,0.25048828125
1339,0.250244140625
1340,0.25
1341,0.25
1342,0.25
1343,0.24951171875
1344,0.24951171875
1345,0.2493896484375
1346,0.2493896484375
1347,0.24853515625
1348,0.248779296875
1349,0.2490234375
1350,0.24853515625
1351,0.2484130859375
1352,0.2486572265625
1353,0.2481689453125
1354,0.247802734375
1355,0.2479248046875
1356,0.247802734375
1357,0.2476806640625
1358,0.24755859375
1359,0.24755859375
1360,0.2474365234375
1361,0.2470703125
1362,0.2470703125
1363,0.2467041015625
1364,0.246337890625
1365,0.24658203125
1366,0.2459716796875
1367,0.24609375
1368,0.246337890625
1369,0.24609375
1370,0.2457275390625
1371,0.2454833984375
1372,0.2451171875
1373,0.2452392578125
1374,0.2451171875
1375,0.2451171875
1376,0.2454833984375
1377,0.244873046875
1378,0.2445068359375
1379,0.244384765625
1380,0.244384765625
1381,0.2442626953125
1382,0.243896484375
1383,0.243896484375
1384,0.2437744140625
1385,0.2437744140625
1386,0.2431640625
1387,0.243408203125
1388,0.2432861328125
1389,0.242919921875
1390,0.2431640625
1391,0.2431640625
1392,0.2425537109375
1393,0.24267578125
1394,0.24267578125
1395,0.2425537109375
1396,0.2421875
1397,0.2420654296875
1398,0.2420654296875
1399,0.2418212890625
1400,0.2418212890625
1401,0.240966796875
1402,0.2410888671875
1403,0.2412109375
1404,0.2408447265625
1405,0.2408447265625
1406,0.2406005859375
1407,0.24072265625
1408,0.240478515625
1409,0.2403564453125
1410,0.240234375
1411,0.239990234375
1412,0.240234375
1413,0.23974609375
1414,0.239990234375
1415,0.2391357421875
1416,0.239501953125
1417,0.2388916015625
1418,0.2392578125
1419,0.23876953125
1420,0.23876953125
1421,0.23828125
1422,0.23876953125
1423,0.2381591796875
1424,0.23828125
1425,0.2381591796875
1426,0.2379150390625
1427,0.2376708984375
1428,0.2374267578125
1429,0.2379150390625
1430,0.2374267578125
1431,0.23681640625
1432,0.2371826171875
1433,0.2369384765625
1434,0.237060546875
1435,0.2364501953125
1436,0.236572265625
1437,0.236572265625
1438,0.2364501953125
1439,0.236328125
1440,0.236083984375
1441,0.2359619140625
1442,0.23583984375
1443,0.2353515625
1444,0.2357177734375
1445,0.2353515625
1446,0.235107421875
1447,0.23486328125
1448,0.23486328125
1449,0.2344970703125
1450,0.2347412109375
1451,0.234619140625
1452,0.2342529296875
1453,0.2342529296875
1454,0.23388671875
1455,0.2340087890625
1456,0.23388671875
1457,0.233642578125
1458,0.2337646484375
1459,0.233642578125
1460,0.233154296875
1461,0.2330322265625
1462,0.2330322265625
1463,0.2330322265625
1464,0.232177734375
1465,0.232421875
1466,0.232666015625
1467,0.232177734375
1468,0.2320556640625
1469,0.2322998046875
1470,0.23193359375
1471,0.2314453125
1472,0.2315673828125
1473,0.2315673828125
1474,0.2314453125
1475,0.2313232421875
1476,0.2313232421875
1477,0.231201171875
1478,0.23095703125
1479,0.2308349609375
1480,0.23046875
1481,0.2301025390625
1482,0.23046875
1483,0.2298583984375
1484,0.22998046875
1485,0.2301025390625
1486,0.22998046875
1487,0.2296142578125
1488,0.2293701171875
1489,0.2291259765625
1490,0.229248046875
1491,0.2291259765625
1492,0.2291259765625
1493,0.2293701171875
1494,0.228759765625
1495,0.2283935546875
1496,0.2283935546875
1497,0.2283935546875
1498,0.2281494140625
1499,0.2279052734375
1500,0.2279052734375
1501,0.227783203125
1502,0.227783203125
1503,0.2271728515625
1504,0.2274169921875
1505,0.227294921875
1506,0.2269287109375
1507,0.2271728515625
1508,0.227294921875
1509,0.2266845703125
1510,0.226806640625
1511,0.226806640625
1512,0.2266845703125
1513,0.226318359375
1514,0.2261962890625
1515,0.2261962890625
1516,0.2259521484375
1517,0.2259521484375
1518,0.22509765625
1519,0.225341796875
1520,0.2254638671875
1521,0.22509765625
1522,0.22509765625
1523,0.224853515625
1524,0.2249755859375
1525,0.2247314453125
1526,0.224609375
1527,0.2244873046875
1528,0.2242431640625
1529,0.2244873046875
1530,0.2239990234375
1531,0.2242431640625
1532,0.223388671875
1533,0.2237548828125
1534,0.2232666015625
1535,0.2236328125
1536,0.22314453125
1537,0.22314453125
1538,0.2227783203125
1539,0.22314453125
1540,0.22265625
1541,0.22265625
1542,0.2225341796875
1543,0.222412109375
1544,0.22216796875
1545,0.221923828125
1546,0.222412109375
1547,0.2218017578125
1548,0.2213134765625
1549,0.2216796875
1550,0.221435546875
1551,0.2215576171875
1552,0.220947265625
1553,0.2210693359375
1554,0.2210693359375
1555,0.2210693359375
1556,0.2208251953125
1557,0.2205810546875
1558,0.2205810546875
1559,0.220458984375
1560,0.219970703125
1561,0.2203369140625
1562,0.219970703125
1563,0.2197265625
1564,0.2196044921875
1565,0.219482421875
1566,0.2191162109375
1567,0.2193603515625
1568,0.21923828125
1569,0.218994140625
1570,0.2188720703125
1571,0.2186279296875
1572,0.21875
1573,0.2186279296875
1574,0.2183837890625
1575,0.218505859375
1576,0.2183837890625
1577,0.2178955078125
1578,0.2178955078125
1579,0.2177734375
1580,0.2177734375
1581,0.2169189453125
1582,0.21728515625
1583,0.2174072265625
1584,0.217041015625
1585,0.2169189453125
1586,0.2171630859375
1587,0.216796875
1588,0.2164306640625
1589,0.216552734375
1590,0.2164306640625
1591,0.21630859375
1592,0.2161865234375
1593,0.2161865234375
1594,0.216064453125
1595,0.2158203125
1596,0.2158203125
1597,0.2154541015625
1598,0.215087890625
1599,0.21533203125
1600,0.21484375
1601,0.2149658203125
1602,0.215087890625
1603,0.2149658203125
1604,0.214599609375
1605,0.21435546875
1606,0.214111328125
1607,0.2142333984375
1608,0.214111328125
1609,0.2142333984375
1610,0.2144775390625
1611,0.2138671875
1612,0.2135009765625
1613,0.21337890625
1614,0.2135009765625
1615,0.21337890625
1616,0.2130126953125
1617,0.213134765625
1618,0.212890625
1619,0.212890625
1620,0.21240234375
1621,0.2125244140625
1622,0.2125244140625
1623,0.212158203125
1624,0.21240234375
1625,0.2125244140625
1626,0.2119140625
1627,0.2120361328125
1628,0.2120361328125
1629,0.2119140625
1630,0.2115478515625
1631,0.21142578125
1632,0.21142578125
1633,0.2113037109375
1634,0.2113037109375
1635,0.21044921875
1636,0.2105712890625
1637,0.210693359375
1638,0.21044921875
1639,0.21044921875
1640,0.210205078125
1641,0.2103271484375
1642,0.2100830078125
1643,0.2099609375
1644,0.2099609375
1645,0.209716796875
1646,0.2098388671875
1647,0.2093505859375
1648,0.209716796875
1649,0.2088623046875
1650,0.209228515625
1651,0.208740234375
1652,0.2091064453125
1653,0.2086181640625
1654,0.2086181640625
1655,0.208251953125
1656,0.208740234375
1657,0.2081298828125
1658,0.208251953125
1659,0.2081298828125
1660,0.2078857421875
1661,0.207763671875
1662,0.2073974609375
1663,0.2080078125
1664,0.2073974609375
1665,0.2069091796875
1666,0.207275390625
1667,0.20703125
1668,0.207275390625
1669,0.20654296875
1670,0.206787109375
1671,0.206787109375
1672,0.2066650390625
1673,0.20654296875
1674,0.206298828125
1675,0.2061767578125
1676,0.2060546875
1677,0.2056884765625
1678,0.2060546875
1679,0.2056884765625
1680,0.2054443359375
1681,0.205322265625
1682,0.2052001953125
1683,0.204833984375
1684,0.2052001953125
1685,0.2049560546875
1686,0.2047119140625
1687,0.2047119140625
1688,0.204345703125
1689,0.20458984375
1690,0.2044677734375
1691,0.2042236328125
1692,0.2042236328125
1693,0.2042236328125
1694,0.2037353515625
1695,0.2037353515625
1696,0.2037353515625
1697,0.2037353515625
1698,0.202880859375
1699,0.2032470703125
1700,0.203369140625
1701,0.2030029296875
1702,0.202880859375
1703,0.203125
1704,0.20263671875
1705,0.2022705078125
1706,0.2025146484375
1707,0.2025146484375
1708,0.202392578125
1709,0.2021484375
1710,0.2021484375
1711,0.2021484375
1712,0.201904296875
1713,0.2017822265625
1714,0.2015380859375
1715,0.201171875
1716,0.201416015625
1717,0.200927734375
1718,0.2010498046875
1719,0.201171875
1720,0.2010498046875
1721,0.20068359375
1722,0.2005615234375
1723,0.2001953125
1724,0.2003173828125
1725,0.2003173828125
1726,0.2003173828125
1727,0.2005615234375
1728,0.2000732421875
1729,0.19970703125
1730,0.1995849609375
1731,0.1995849609375
1732,0.199462890625
1733,0.19921875
1734,0.1993408203125
1735,0.19921875
1736,0.19921875
1737,0.1986083984375
1738,0.1988525390625
1739,0.19873046875
1740,0.198486328125
1741,0.19873046875
1742,0.19873046875
1743,0.1981201171875
1744,0.1983642578125
1745,0.1983642578125
1746,0.1982421875
1747,0.1978759765625
1748,0.1978759765625
1749,0.19775390625
1750,0.1976318359375
1751,0.1976318359375
1752,0.19677734375
1753,0.197021484375
1754,0.1971435546875
1755,0.19677734375
1756,0.19677734375
1757,0.1966552734375
1758,0.19677734375
1759,0.196533203125
1760,0.1964111328125
1761,0.1964111328125
1762,0.1961669921875
1763,0.1964111328125
1764,0.1959228515625
1765,0.1961669921875
1766,0.1953125
1767,0.1956787109375
1768,0.1953125
1769,0.1956787109375
1770,0.1951904296875
1771,0.1951904296875
1772,0.19482421875
1773,0.1951904296875
1774,0.1947021484375
1775,0.19482421875
1776,0.1947021484375
1777,0.1944580078125
1778,0.1943359375
1779,0.194091796875
1780,0.194580078125
1781,0.194091796875
1782,0.193603515625
1783,0.19384765625
1784,0.1937255859375
1785,0.19384765625
1786,0.1932373046875
1787,0.1934814453125
1788,0.1934814453125
1789,0.193359375
1790,0.1932373046875
1791,0.1929931640625
1792,0.1929931640625
1793,0.19287109375
1794,0.1923828125
1795,0.1927490234375
1796,0.1923828125
1797,0.192138671875
1798,0.1920166015625
1799,0.1920166015625
1800,0.191650390625
1801,0.1920166015625
1802,0.1917724609375
1803,0.1915283203125
1804,0.1915283203125
1805,0.1912841796875
1806,0.19140625
1807,0.1912841796875
1808,0.1910400390625
1809,0.191162109375
1810,0.1910400390625
1811,0.190673828125
1812,0.190673828125
1813,0.1905517578125
1814,0.1905517578125
1815,0.1898193359375
1816,0.190185546875
1817,0.1903076171875
1818,0.18994140625
1819,0.1898193359375
1820,0.1900634765625
1821,0.189697265625
1822,0.1893310546875
1823,0.189453125
1824,0.189453125
1825,0.1893310546875
1826,0.189208984375
1827,0.189208984375
1828,0.1890869140625
1829,0.18896484375
1830,0.1888427734375
1831,0.1885986328125
1832,0.188232421875
1833,0.1884765625
1834,0.18798828125
1835,0.1881103515625
1836,0.1883544921875
1837,0.1881103515625
1838,0.1878662109375
1839,0.1876220703125
1840,0.1873779296875
1841,0.1875
1842,0.1873779296875
1843,0.1875
1844,0.187744140625
1845,0.187255859375
1846,0.1868896484375
1847,0.186767578125
1848,0.1868896484375
1849,0.186767578125
1850,0.1865234375
1851,0.1865234375
1852,0.1864013671875
1853,0.1864013671875
1854,0.1859130859375
1855,0.18603515625
1856,0.18603515625
1857,0.1856689453125
1858,0.18603515625
1859,0.18603515625
1860,0.1854248046875
1861,0.1856689453125
1862,0.1856689453125
1863,0.185546875
1864,0.185302734375
1865,0.1851806640625
1866,0.1851806640625
1867,0.18505859375
1868,0.18505859375
1869,0.1842041015625
1870,0.184326171875
1871,0.1845703125
1872,0.1842041015625
1873,0.1842041015625
1874,0.18408203125
1875,0.1842041015625
1876,0.1839599609375
1877,0.183837890625
1878,0.183837890625
1879,0.18359375
1880,0.183837890625
1881,0.183349609375
1882,0.1837158203125
1883,0.182861328125
1884,0.1832275390625
1885,0.1827392578125
1886,0.18310546875
1887,0.1827392578125
1888,0.1827392578125
1889,0.182373046875
1890,0.1827392578125
1891,0.1822509765625
1892,0.182373046875
1893,0.1822509765625
1894,0.18212890625
1895,0.181884765625
1896,0.181640625
1897,0.1822509765625
1898,0.181640625
1899,0.18115234375
1900,0.1815185546875
1901,0.181396484375
1902,0.1815185546875
1903,0.180908203125
1904,0.18115234375
1905,0.18115234375
1906,0.1810302734375
1907,0.180908203125
1908,0.1806640625
1909,0.1806640625
1910,0.1805419921875
1911,0.18017578125
1912,0.1805419921875
1913,0.18017578125
1914,0.179931640625
1915,0.1798095703125
1916,0.1798095703125
1917,0.179443359375
1918,0.1798095703125
1919,0.1795654296875
1920,0.179443359375
1921,0.1793212890625
1922,0.1790771484375
1923,0.17919921875
1924,0.1790771484375
1925,0.178955078125
1926,0.1790771484375
1927,0.178955078125
1928,0.178466796875
1929,0.178466796875
1930,0.178466796875
1931,0.178466796875
1932,0.177734375
1933,0.1781005859375
1934,0.17822265625
1935,0.1778564453125
1936,0.177734375
1937,0.1781005859375
1938,0.1776123046875
1939,0.17724609375
1940,0.177490234375
1941,0.177490234375
1942,0.1773681640625
1943,0.17724609375
1944,0.17724609375
1945,0.1771240234375
1946,0.1768798828125
1947,0.1768798828125
1948,0.1766357421875
1949,0.17626953125
1950,0.176513671875
1951,0.1761474609375
1952,0.1761474609375
1953,0.1763916015625
1954,0.17626953125
1955,0.1759033203125
1956,0.17578125
1957,0.175537109375
1958,0.1756591796875
1959,0.175537109375
1960,0.1756591796875
1961,0.1759033203125
1962,0.1754150390625
1963,0.175048828125
1964,0.1749267578125
1965,0.175048828125
1966,0.1749267578125
1967,0.1746826171875
1968,0.1748046875
1969,0.1746826171875
1970,0.174560546875
1971,0.174072265625
1972,0.17431640625
1973,0.17431640625
1974,0.1739501953125
1975,0.17431640625
1976,0.17431640625
1977,0.1737060546875
1978,0.1739501953125
1979,0.1739501953125
1980,0.173828125
1981,0.173583984375
1982,0.1734619140625
1983,0.1734619140625
1984,0.17333984375
1985,0.17333984375
1986,0.1724853515625
1987,0.1727294921875
1988,0.1728515625
1989,0.172607421875
1990,0.172607421875
1991,0.1724853515625
1992,0.172607421875
1993,0.17236328125
1994,0.1722412109375
1995,0.1722412109375
1996,0.1719970703125
1997,0.1722412109375
1998,0.1717529296875
1999,0.172119140625
2000,0.1712646484375
2001,0.1717529296875
2002,0.1712646484375
2003,0.171630859375
2004,0.171142578125
2005,0.171142578125
2006,0.1708984375
2007,0.1712646484375
2008,0.1707763671875
2009,0.1708984375
2010,0.1707763671875
2011,0.170654296875
2012,0.1705322265625
2013,0.170166015625
2014,0.1707763671875
2015,0.1702880859375
2016,0.1697998046875
2017,0.1700439453125
2018,0.169921875
2019,0.170166015625
2020,0.1695556640625
2021,0.1697998046875
2022,0.1697998046875
2023,0.169677734375
2024,0.1695556640625
2025,0.1693115234375
2026,0.1693115234375
2027,0.169189453125
2028,0.1688232421875
2029,0.169189453125
2030,0.1688232421875
2031,0.1685791015625
2032,0.16845703125
2033,0.1685791015625
2034,0.1680908203125
2035,0.16845703125
2036,0.1683349609375
2037,0.1680908203125
2038,0.1680908203125
2039,0.1678466796875
2040,0.16796875
2041,0.1678466796875
2042,0.167724609375
2043,0.1678466796875
2044,0.167724609375
2045,0.1673583984375
2046,0.1673583984375
2047,0.1673583984375
2048,0.1673583984375
2049,0.16650390625
2050,0.1668701171875
2051,0.1671142578125
2052,0.166748046875
2053,0.1666259765625
2054,0.1668701171875
2055,0.16650390625
2056,0.1661376953125
2057,0.1663818359375
2058,0.1663818359375
2059,0.166259765625
2060,0.1661376953125
2061,0.1661376953125
2062,0.1661376953125
2063,0.1658935546875
2064,0.1658935546875
2065,0.1656494140625
2066,0.1651611328125
2067,0.16552734375
2068,0.1650390625
2069,0.1651611328125
2070,0.1654052734375
2071,0.165283203125
2072,0.1649169921875
2073,0.164794921875
2074,0.16455078125
2075,0.1646728515625
2076,0.16455078125
2077,0.1646728515625
2078,0.1649169921875
2079,0.1644287109375
2080,0.1641845703125
2081,0.1640625
2082,0.1640625
2083,0.1640625
2084,0.163818359375
2085,0.163818359375
2086,0.1636962890625
2087,0.1636962890625
2088,0.163330078125
2089,0.1634521484375
2090,0.1634521484375
2091,0.1630859375
2092,0.1634521484375
2093,0.1634521484375
2094,0.1629638671875
2095,0.1630859375
2096,0.1630859375
2097,0.1630859375
2098,0.162841796875
2099,0.1627197265625
2100,0.1627197265625
2101,0.16259765625
2102,0.16259765625
2103,0.1617431640625
2104,0.1619873046875
2105,0.162109375
2106,0.161865234375
2107,0.1619873046875
2108,0.1617431640625
2109,0.1619873046875
2110,0.16162109375
2111,0.16162109375
2112,0.16162109375
2113,0.161376953125
2114,0.16162109375
2115,0.1611328125
2116,0.1614990234375
2117,0.16064453125
2118,0.1611328125
2119,0.16064453125
2120,0.1610107421875
2121,0.1605224609375
2122,0.1605224609375
2123,0.1602783203125
2124,0.16064453125
2125,0.1602783203125
2126,0.1602783203125
2127,0.16015625
2128,0.1600341796875
2129,0.159912109375
2130,0.15966796875
2131,0.1602783203125
2132,0.1597900390625
2133,0.1593017578125
2134,0.1595458984375
2135,0.159423828125
2136,0.15966796875
2137,0.1590576171875
2138,0.1593017578125
2139,0.1593017578125
2140,0.1593017578125
2141,0.1590576171875
2142,0.158935546875
2143,0.1588134765625
2144,0.1588134765625
2145,0.158447265625
2146,0.1588134765625
2147,0.158447265625
2148,0.158203125
2149,0.1580810546875
2150,0.1580810546875
2151,0.15771484375
2152,0.1580810546875
2153,0.157958984375
2154,0.15771484375
2155,0.15771484375
2156,0.157470703125
2157,0.1575927734375
2158,0.1575927734375
2159,0.1573486328125
2160,0.157470703125
2161,0.1573486328125
2162,0.156982421875
2163,0.156982421875
2164,0.156982421875
2165,0.156982421875
2166,0.15625
2167,0.1566162109375
2168,0.15673828125
2169,0.156494140625
2170,0.1563720703125
2171,0.15673828125
2172,0.15625
2173,0.156005859375
2174,0.1561279296875
2175,0.1561279296875
2176,0.156005859375
2177,0.1558837890625
2178,0.1558837890625
2179,0.1558837890625
2180,0.1556396484375
2181,0.15576171875
2182,0.1553955078125
2183,0.155029296875
2184,0.1553955078125
2185,0.1549072265625
2186,0.155029296875
2187,0.1552734375
2188,0.1551513671875
2189,0.15478515625
2190,0.1546630859375
2191,0.1544189453125
2192,0.154541015625
2193,0.154541015625
2194,0.1546630859375
2195,0.1549072265625
2196,0.1544189453125
2197,0.154052734375
2198,0.154052734375
2199,0.154052734375
2200,0.1539306640625
2201,0.15380859375
2202,0.15380859375
2203,0.15380859375
2204,0.1536865234375
2205,0.1533203125
2206,0.1534423828125
2207,0.1534423828125
2208,0.1531982421875
2209,0.1534423828125
2210,0.153564453125
2211,0.1529541015625
2212,0.1531982421875
2213,0.1531982421875
2214,0.153076171875
2215,0.15283203125
2216,0.15283203125
2217,0.1527099609375
2218,0.1527099609375
2219,0.1527099609375
2220,0.15185546875
2221,0.152099609375
2222,0.15234375
2223,0.152099609375
2224,0.152099609375
2225,0.15185546875
2226,0.152099609375
2227,0.1517333984375
2228,0.1517333984375
2229,0.1517333984375
2230,0.1514892578125
2231,0.1517333984375
2232,0.1513671875
2233,0.1517333984375
2234,0.15087890625
2235,0.1512451171875
2236,0.15087890625
2237,0.1512451171875
2238,0.1507568359375
2239,0.15087890625
2240,0.1505126953125
2241,0.1510009765625
2242,0.1505126953125
2243,0.150634765625
2244,0.1505126953125
2245,0.150390625
2246,0.1502685546875
2247,0.14990234375
2248,0.1505126953125
2249,0.1500244140625
2250,0.1495361328125
2251,0.14990234375
2252,0.1497802734375
2253,0.1500244140625
2254,0.1494140625
2255,0.149658203125
2256,0.149658203125
2257,0.149658203125
2258,0.1494140625
2259,0.1492919921875
2260,0.1492919921875
2261,0.149169921875
2262,0.1488037109375
2263,0.149169921875
2264,0.1488037109375
2265,0.148681640625
2266,0.1485595703125
2267,0.1485595703125
2268,0.148193359375
2269,0.1485595703125
2270,0.1483154296875
2271,0.148193359375
2272,0.148193359375
2273,0.14794921875
2274,0.148193359375
2275,0.1480712890625
2276,0.1478271484375
2277,0.14794921875
2278,0.14794921875
2279,0.1475830078125
2280,0.1475830078125
2281,0.1475830078125
2282,0.1475830078125
2283,0.1468505859375
2284,0.147216796875
2285,0.1473388671875
2286,0.1470947265625
2287,0.14697265625
2288,0.147216796875
2289,0.1468505859375
2290,0.1466064453125
2291,0.146728515625
2292,0.146728515625
2293,0.146728515625
2294,0.146484375
2295,0.1466064453125
2296,0.146484375
2297,0.1463623046875
2298,0.1463623046875
2299,0.1461181640625
2300,0.145751953125
2301,0.14599609375
2302,0.1456298828125
2303,0.145751953125
2304,0.1458740234375
2305,0.145751953125
2306,0.1455078125
2307,0.1453857421875
2308,0.1451416015625
2309,0.145263671875
2310,0.145263671875
2311,0.1453857421875
2312,0.1456298828125
2313,0.1451416015625
2314,0.1448974609375
2315,0.144775390625
2316,0.1448974609375
2317,0.144775390625
2318,0.14453125
2319,0.1446533203125
2320,0.14453125
2321,0.14453125
2322,0.14404296875
2323,0.144287109375
2324,0.144287109375
2325,0.14404296875
2326,0.144287109375
2327,0.1444091796875
2328,0.143798828125
2329,0.14404296875
2330,0.14404296875
2331,0.14404296875
2332,0.143798828125
2333,0.1436767578125
2334,0.1436767578125
2335,0.1435546875
2336,0.1436767578125
2337,0.142822265625
2338,0.14306640625
2339,0.1431884765625
