Rank,Name,Elo,+,âˆ’,Games,score,opponent,draw
1,katab40s37-pda1,3510,59,59,298,92%,2916,12%
2,katab40s37-awsp3,3438,48,48,290,88%,2974,24%
3,KG30b11_406_2x2060,3383,113,113,144,96%,2785,5%
4,rn.6.3.945,3343,52,52,201,73%,2982,27%
5,CrazyStone-0005,3305,40,40,435,76%,2919,20%
6,kata132_s191_v6400,3280,30,30,839,75%,2882,17%
7,rn.6.3.600,3242,75,75,162,87%,2722,12%
8,Kishin-4.0-4c2g,3235,113,113,128,96%,2666,7%
9,GokuiNano,3232,65,65,375,95%,2688,5%
10,Pepsiman-4.6c,3225,78,78,100,67%,2924,23%
11,Kishin-4.1nb-24c8g,3223,38,38,671,91%,2748,13%
12,kata145b30s482v400,3221,40,40,356,80%,2858,24%
13,kata133b30s129v800,3217,88,88,102,87%,2752,14%
14,kata145b40s509v400,3207,24,24,1132,84%,2842,19%
15,KG_30b11_399_500p,3195,66,66,162,83%,2776,13%
16,kata135b40s299v400,3179,21,21,1602,84%,2781,16%
17,kata133b30s184v400,3176,72,72,100,79%,2838,27%
18,kata13_170b20v1600,3176,55,55,217,85%,2736,18%
19,KG_20b9_1xRTX2060,3175,73,73,143,90%,2728,18%
20,KG_20b9_335_500p,3173,45,45,503,89%,2712,9%
21,kata1_b60s690v400,3172,55,55,258,89%,2566,18%
22,CLeela9Test12,3172,112,112,101,90%,2597,0%
23,Pepsiman-4.3,3169,80,80,100,85%,2746,23%
24,kata140b20s505v400,3168,34,34,646,86%,2719,15%
25,Pepsiman-4.4a,3167,76,76,100,80%,2721,24%
26,rn.6.3.940-v6400,3165,39,39,444,80%,2769,16%
27,KG_20b9_335_2k,3164,79,79,141,89%,2658,13%
28,Maximus_160B_512F,3161,41,41,880,94%,2584,5%
29,rn630_945_p3200,3160,39,39,392,73%,2782,17%
30,kata133b40s192v400,3158,75,75,109,83%,2742,21%
31,kata134b40s238v400,3155,73,73,126,81%,2771,17%
32,kata145b20s530v400,3146,39,39,353,71%,2863,23%
33,dark_energy_105vp,3146,72,72,138,84%,2690,17%
34,Aya792k_p2v2_6c,3146,146,146,102,97%,2482,3%
35,Kishin-4.1a-4c2g,3139,45,45,408,83%,2722,16%
36,rn.6.3.435-p10k,3138,76,76,116,80%,2741,15%
37,g128f20bma,3136,127,127,100,96%,2550,6%
38,kata133b20s297v400,3136,74,74,102,75%,2745,24%
39,k9x9Dp300,3136,14,14,2201,76%,2717,44%
40,kata135b30s284v400,3130,53,53,206,80%,2802,24%
41,kata133b20s243v400,3129,48,48,281,79%,2702,20%
42,kata1_b18s698v5000,3129,33,33,345,72%,2810,53%
43,kata134b20s335v400,3128,56,56,172,75%,2805,24%
44,k9x9Cp300,3127,16,16,1334,66%,2851,60%
45,KG_15b7_2k,3127,66,66,151,83%,2722,16%
46,k9x9Ep300,3126,16,16,1729,77%,2659,42%
47,dark_matter_27,3124,47,47,275,80%,2620,20%
48,kata134b30s227v400,3124,44,44,307,76%,2802,18%
49,kata1_b18s698v20k,3124,19,19,1119,73%,2763,51%
50,Pepsiman-4a,3117,73,73,100,82%,2738,29%
51,Pepsiman-3.9,3117,75,75,100,78%,2694,23%
52,Wawawa-Testing2,3109,65,65,172,79%,2643,12%
53,kata13b20s191_v400,3109,9,9,7834,79%,2719,16%
54,CLeelaz9Test13,3109,72,72,154,79%,2751,1%
55,Pepsiman-3.8,3107,77,77,100,84%,2696,26%
56,khd-0.9-3090,3106,56,56,157,69%,2868,19%
57,kata133b40s135v400,3104,78,78,101,80%,2710,21%
58,kohada0.3.7.3500,3102,76,76,145,87%,2579,12%
59,k9x9Fp300,3098,15,15,1943,74%,2665,49%
60,kohada0.3.4.3500,3096,55,55,269,88%,2424,15%
61,kohada0.3.10.3500,3096,36,36,424,78%,2673,25%
62,kohada0.3.8.3500,3093,36,36,453,79%,2633,24%
63,kata18b40s1148v100,3093,36,36,423,81%,2721,26%
64,JiGoDameZettai-0.0,3093,57,57,295,79%,2728,1%
65,sai_S1_9461_p40k,3092,46,46,364,77%,2692,10%
66,kata133b30s129v400,3090,78,78,101,78%,2749,19%
67,k9x9Gp300,3088,21,21,1000,74%,2627,51%
68,KG_30b11_472_100p,3084,66,66,150,82%,2655,15%
69,dark_energy_52,3084,66,66,146,82%,2731,22%
70,k9x9Bv100,3082,22,22,1089,77%,2560,38%
71,HLeelaz_158_3000po,3081,83,83,126,87%,2700,6%
72,KG_30b11_406_100p,3081,75,75,135,85%,2644,10%
73,KG_20b9_287_500p,3078,65,65,204,89%,2667,11%
74,kata15b40_cpu_v100,3073,56,56,220,85%,2620,18%
75,Pepsiman-4,3071,78,78,100,82%,2710,23%
76,kata1_b18s626v100,3071,20,20,1590,83%,2579,23%
77,kohada0.3.4.2500,3070,41,41,322,70%,2627,20%
78,dark_energy_105,3069,54,54,194,74%,2696,26%
79,kata_s632_T2,3066,69,69,126,79%,2705,14%
80,khd0.7.986-1050Ti,3065,27,27,955,79%,2607,8%
81,kohada0.3.9.3500,3064,78,78,105,81%,2531,15%
82,Nats0515_p2v4_t8g2,3061,22,22,1649,85%,2695,8%
83,Haruka-B,3059,40,40,490,87%,2658,15%
84,Pepsiman-3.7,3059,87,87,100,89%,2573,18%
85,kata1_b60s690v50,3055,41,41,379,79%,2551,23%
86,k9x9Av100,3055,33,33,680,88%,2381,22%
87,kata135b20s376v400,3051,51,51,205,68%,2782,25%
88,k9b18_231025_gt710,3050,47,47,310,88%,2408,25%
89,1e6ORx,3049,98,98,100,92%,2499,11%
90,kata13_170b20_v400,3049,17,17,2267,79%,2612,20%
91,k9_231025_gt1030,3048,61,61,146,85%,2609,31%
92,rn.6.2.285-p10k,3048,52,52,214,73%,2729,20%
93,kata13b15s167_v400,3046,90,90,104,82%,2524,12%
94,sai_S1_9461_p10k,3044,6,6,27109,82%,2526,9%
95,kohada0.3.4.3000,3042,35,35,504,80%,2517,18%
96,kata181b40s1148v50,3041,17,17,1867,77%,2695,25%
97,clarity,3039,32,32,404,56%,2881,39%
98,khd0.8.34-1050Ti,3037,23,23,1251,81%,2551,15%
99,khd0.6-1050Ti,3032,30,30,883,84%,2387,14%
100,ahuago-1,3030,50,50,408,90%,2531,9%
101,Pepsiman-3.3b,3027,86,86,100,86%,2644,13%
102,kata12_104b20v1600,3026,43,43,540,91%,2467,10%
103,rn.6.3.165-p10k,3018,53,53,224,73%,2688,16%
104,khd0.7.365-1050Ti,3012,18,18,1573,67%,2762,24%
105,ab_sampling3,3012,73,73,104,73%,2697,30%
106,Nats0721_p2v4_8t2g,3011,31,31,819,84%,2621,12%
107,kata145b20s530v100,3004,54,54,176,76%,2686,22%
108,Pepsiman-3.3a,2998,75,75,100,83%,2641,24%
109,Nats0525_14b_4tg2,2998,34,34,660,85%,2637,11%
110,Pepsiman-1n,2993,90,90,100,89%,2550,18%
111,Pepsiman-3.1a,2991,94,94,100,92%,2410,16%
112,khd0.7.32-1050Ti,2990,86,86,100,79%,2442,10%
113,eg-b20s574Mv800,2990,14,14,3387,78%,2638,17%
114,k9b18_231025v100,2989,31,31,396,74%,2578,53%
115,HLeelaz_158_1000po,2987,70,70,129,78%,2685,11%
116,k9b18_231025v50,2986,29,29,430,72%,2678,56%
117,Aya798c_p2v2_6t,2984,67,67,169,77%,2627,7%
118,k9b18_231025v800,2978,50,50,136,70%,2771,60%
119,zkkily,2978,65,65,141,78%,2675,15%
120,rn.6.3.800-v400,2974,23,23,1153,71%,2723,14%
121,LZ20_128_65_t4g2,2973,56,56,214,85%,2631,17%
122,CLeelaz10Test,2972,86,86,100,87%,2608,12%
123,kata12_104b20_v400,2971,6,6,24169,78%,2537,13%
124,KG_20b9_335_50p,2970,35,35,570,74%,2694,13%
125,Sai9-16b-028a,2968,77,77,111,76%,2652,14%
126,Zen-15.3-3c1g,2968,46,46,360,84%,2594,10%
127,HLeelaz_mix_4_100,2966,70,70,156,86%,2538,12%
128,BakedWaffle-7.6a,2964,32,32,705,85%,2580,15%
129,HLeelaz_LeelazBot,2964,77,77,102,83%,2626,19%
130,Pepsiman-3,2962,41,41,400,83%,2621,20%
131,kata-GaoGo-9x9,2961,40,40,370,69%,2613,13%
132,Zen-15.3-2c1g-2,2957,39,39,482,83%,2612,9%
133,Zen-15.3-2c1g-0.5,2957,48,48,336,83%,2511,10%
134,eg-b15s460Mv800,2956,30,30,831,76%,2594,11%
135,Waffle-9.2,2956,30,30,821,86%,2568,16%
136,galvanise_t420,2954,76,76,131,86%,2419,14%
137,MiniPepsiman-1n,2953,79,79,100,77%,2669,20%
138,rn.6.4.300-v400,2950,41,41,361,75%,2602,15%
139,HLeelaz_158_300po,2949,70,70,128,75%,2665,10%
140,Waffle-8.12,2946,30,30,961,88%,2513,13%
141,CLeelaz9Test8_6b,2946,83,83,126,89%,2541,11%
142,Waffle-9.3,2945,14,14,3884,86%,2549,14%
143,Waffle-8.6,2942,50,50,304,88%,2537,17%
144,rn630_945_cpu_p100,2940,4,4,36043,75%,2403,16%
145,Waffle-9.0,2940,47,47,320,87%,2571,18%
146,CrazyStone-0006-99,2939,2,2,212403,85%,2249,9%
147,sai_S1_9461_p2500,2936,47,47,287,75%,2611,13%
148,Waffle-9.1a,2935,37,37,488,83%,2585,19%
149,kohada0.3.6.3500,2933,49,49,278,71%,2438,9%
150,Zen-15.3-2c1g,2932,20,20,1740,81%,2617,9%
151,Singo,2931,74,74,130,85%,2559,20%
152,Waffle-8.2,2930,40,40,346,77%,2644,21%
153,Waffle-8.11,2930,29,29,808,84%,2576,17%
154,kohada0.3.4.2000,2928,54,54,233,68%,2405,12%
155,Zen-15.3-1c1g-0.5,2928,29,29,917,74%,2602,10%
156,rn.6.3.450-v400,2927,39,39,408,69%,2647,17%
157,khd0.6.365-1050Ti,2926,39,39,332,67%,2719,17%
158,Sai9-12b,2925,77,77,101,77%,2627,19%
159,KG_20b9_287_50p,2923,58,58,203,76%,2584,15%
160,CLeelaz9Test6,2922,71,71,127,85%,2500,19%
161,khd-0.8.1-1080Ti,2922,54,54,214,47%,2797,10%
162,Waffle-8.1,2922,33,33,572,82%,2599,20%
163,Waffle-8.7,2921,28,28,911,85%,2537,16%
164,khd-orangepi3b-F,2921,63,63,151,72%,2586,12%
165,Haruka-A,2921,87,87,111,85%,2514,7%
166,Waffle-8.9,2921,42,42,453,87%,2521,13%
167,rn.6.2.170-p10k,2916,51,51,246,69%,2580,15%
168,Waffle-8.4,2916,29,29,673,80%,2609,22%
169,kohada0.3.3-1080Ti,2914,16,16,2275,69%,2431,18%
170,Nats0601_v32_16t0g,2912,81,81,100,81%,2584,16%
171,CLeelaz9Test7,2910,73,73,124,85%,2488,18%
172,Waffle-8.10,2910,36,36,506,84%,2550,18%
173,galvanise_t382,2908,39,39,471,81%,2546,9%
174,Waffle-6.1,2907,41,41,333,79%,2590,22%
175,Waffle-8.5,2907,31,31,612,81%,2595,23%
176,katago_20b_800po,2906,69,69,160,83%,2473,9%
177,Zen-15.3-1c1g,2905,25,25,1153,80%,2577,9%
178,Waffle-9.1,2904,61,61,183,81%,2579,13%
179,HLeelaz_152_500po,2903,73,73,121,84%,2503,19%
180,Waffle-6.1-book,2902,36,36,397,77%,2618,24%
181,Charlie_020,2902,64,64,166,79%,2596,16%
182,HLeelaz_158_100po,2900,68,68,130,75%,2588,11%
183,Weights_33_400,2900,87,87,164,90%,2366,1%
184,ka_rc15b20s309v100,2899,38,38,376,66%,2519,17%
185,Hactar-7-221-p,2898,56,56,181,67%,2633,19%
186,CLeelaz9Test8_20b,2898,86,86,101,90%,2518,20%
187,bunton-202-100po,2897,62,62,166,72%,2531,11%
188,LZ20-128_H530,2896,41,41,401,66%,2654,1%
189,Charlie_030,2896,68,68,118,74%,2630,24%
190,Waffle-7.4,2891,45,45,281,72%,2669,20%
191,Zen-11.4n-16c,2890,16,16,2781,81%,2519,12%
192,HLeelaz_153_100po,2890,53,53,231,81%,2560,13%
193,rn.6.3.600-v400,2889,24,24,1208,72%,2528,15%
194,LZ20-128_600po,2889,58,58,186,66%,2713,2%
195,Waffle-8.8,2888,71,71,156,86%,2478,13%
196,Waffle-7.3,2888,30,30,689,78%,2597,16%
197,Waffle-8.0,2887,30,30,756,67%,2689,15%
198,Waffle-8.3,2886,71,71,119,76%,2559,18%
199,sai_S1_9461_p1000,2885,3,3,70542,66%,2489,14%
200,Aya_p1v1_linear10k,2884,42,42,416,82%,2401,7%
201,Hactar-7-221g-p,2883,56,56,221,83%,2553,14%
202,Waffle-7.2,2883,29,29,690,78%,2601,21%
203,Waffle-7.1,2883,53,53,221,81%,2553,20%
204,Sai9_8950_1600po,2882,56,56,185,76%,2611,18%
205,Waffle-7.5,2882,25,25,912,72%,2646,21%
206,Waffle-7.0,2882,29,29,702,78%,2587,20%
207,LZ20-128_800po,2880,44,44,357,69%,2631,1%
208,galvanise_t391,2880,49,49,237,73%,2609,13%
209,Waffle-6.0,2880,35,35,553,83%,2524,16%
210,k9b18_231025v1,2875,17,17,1365,65%,2598,40%
211,khd-orangepi3b-G,2874,46,46,259,65%,2587,19%
212,LZ20-128_400po,2871,61,61,169,64%,2688,1%
213,LZ6-128_R7-M260-6,2871,71,71,118,59%,2706,1%
214,khd-orangepi3b-J,2871,41,41,301,59%,2664,19%
215,kata13_170b10_v400,2871,49,49,326,70%,2488,10%
216,LZ6-128_R7-M260-5,2871,38,38,393,70%,2621,12%
217,CLeelaz9Test5,2870,62,62,183,85%,2454,16%
218,HLeelaz_162_100po,2869,59,59,186,82%,2409,19%
219,HLeelaz_105_6400po,2869,72,72,114,77%,2547,25%
220,Nats0531_p8v8_8t0g,2869,17,17,2416,79%,2545,11%
221,Zen-15.3-1c1g-0.3,2868,78,78,103,74%,2511,12%
222,kata12_104b15_v400,2868,29,29,784,77%,2568,13%
223,Nats0603_14b_4t2g,2868,36,36,512,77%,2593,11%
224,LZ20-128_300po,2866,50,50,242,62%,2690,2%
225,Zen-11.4n-8c,2866,33,33,564,74%,2577,14%
226,kohada0.3.2-1080Ti,2865,52,52,248,66%,2333,15%
227,galvanise_t397,2864,35,35,496,74%,2575,11%
228,Hactar-7-181a-p,2864,42,42,412,80%,2487,10%
229,Hactar-7-221-2g,2864,68,68,112,69%,2656,22%
230,galvanise_t325,2864,83,83,116,82%,2400,6%
231,Aya0719_0615_0g10t,2863,8,8,9340,73%,2594,15%
232,Io-v2-p3000,2863,59,59,189,73%,2524,10%
233,Waffle-5.4,2863,38,38,438,81%,2528,16%
234,CLeelaz9Test14,2862,62,62,126,71%,2664,37%
235,Waffle-6.2,2861,49,49,221,71%,2617,21%
236,Hactar-7-197-p,2860,24,24,1035,77%,2540,16%
237,H_LeelaZ_61_1600po,2859,54,54,185,73%,2630,16%
238,Nats_p4v4_4t1g_40k,2858,36,36,516,78%,2526,12%
239,LZ9_SL_07_po1600,2857,61,61,154,76%,2568,25%
240,test-b9-180611,2856,71,71,103,74%,2633,17%
241,Waffle-5.3,2853,60,60,191,81%,2480,15%
242,H_LeelaZ_71_5000po,2853,68,68,137,74%,2564,15%
243,Newronamin3,2851,12,12,3659,68%,2636,24%
244,khd-orangepi3b-K,2850,76,76,101,63%,2493,20%
245,Waffle-5.1,2850,42,42,359,80%,2510,16%
246,LZ9_SL_07_v6400,2849,77,77,100,66%,2613,20%
247,kata1_b18s913v1,2849,51,51,172,61%,2677,24%
248,Weights_34_400,2846,26,26,1456,85%,2369,5%
249,galvanise_t411,2845,69,69,129,72%,2517,8%
250,Newronamin2,2845,11,11,3946,68%,2618,24%
251,KG_30b11_406_10p,2842,39,39,369,60%,2614,15%
252,LZ6-128_R7-M260-4,2842,31,31,559,72%,2596,18%
253,Hactar-7-209a-p,2841,43,43,342,77%,2514,14%
254,BakedWaffle-7.5b,2841,53,53,205,65%,2665,18%
255,rn630_v995_p100,2840,38,38,439,76%,2460,23%
256,aya807_p4v4t8_pond,2839,49,49,362,65%,2399,7%
257,Aya797c_p1v1_10k,2839,25,25,1198,80%,2421,7%
258,khd-orangepi3b-E,2838,60,60,147,61%,2628,13%
259,LZ-4-128_H530,2838,64,64,131,69%,2626,18%
260,galvanise_t355,2837,43,43,355,77%,2491,9%
261,khd-orangepi3b-B,2836,76,76,104,66%,2515,13%
262,Rhea-1-p3000,2835,64,64,141,62%,2627,13%
263,H_LeelaZ_54_1600po,2835,60,60,159,73%,2616,18%
264,BakedWaffle-7.5c,2834,64,64,142,73%,2551,20%
265,H_LeelaZ_58_1600po,2832,63,63,145,73%,2578,17%
266,katagotest,2832,17,17,2259,66%,2401,15%
267,HLeelaz_100_1600po,2831,42,42,325,72%,2578,21%
268,H_LeelaZ_56_1600po,2829,54,54,208,72%,2586,10%
269,lt_test0212_np,2828,49,49,261,75%,2523,10%
270,LZ9_SL_06_po1600,2827,69,69,127,74%,2562,18%
271,galvanise_t302,2827,45,45,328,75%,2484,8%
272,HLZ65_109_100po,2826,61,61,184,77%,2490,10%
273,H_LeelaZ_44_6400po,2824,60,60,132,66%,2641,23%
274,khd-orangepi3b-H,2824,47,47,288,61%,2525,12%
275,kata1_b60s690v1,2823,53,53,285,64%,2392,19%
276,LZ20_128_65_p3000,2823,2,2,107275,75%,2500,21%
277,Hactar-7-214c-p,2822,59,59,188,76%,2467,13%
278,Thunderbird_jeep,2821,66,66,233,70%,2260,4%
279,Newronamin,2820,11,11,4260,66%,2597,22%
280,LZ6-128_R7-M260-3,2819,27,27,996,72%,2548,1%
281,HLeelaz65_85_100po,2819,71,71,153,82%,2466,10%
282,Hactar-7-172,2819,39,39,399,77%,2514,15%
283,Rnz-3.3.0-1080Ti,2819,40,40,355,75%,2476,17%
284,Tornado-2.0,2818,70,70,114,62%,2689,11%
285,Hactar-7-152,2818,54,54,206,76%,2531,16%
286,Hactar-7-238,2817,31,31,573,69%,2571,17%
287,kata1_b28s430v1,2816,34,34,372,55%,2656,35%
288,lz159s,2815,78,78,110,83%,2452,18%
289,H_LeelaZ_51_1600po,2815,53,53,186,67%,2629,19%
290,Hactar-7-181,2814,30,30,745,76%,2501,12%
291,Zen-11.4n-4c,2813,22,22,1222,68%,2579,13%
292,bunton-100po,2811,59,59,195,68%,2489,9%
293,kata1_b28s366v1,2810,29,29,550,54%,2617,33%
294,LZQ9_34,2808,52,52,229,74%,2539,20%
295,umineko-4c,2808,52,52,210,71%,2562,12%
296,LZ_6b128f_R7-M260,2808,32,32,578,77%,2541,16%
297,kata1_b18s852v1,2807,25,25,746,52%,2606,31%
298,LZQ9_35,2805,64,64,147,73%,2548,20%
299,khd-orangepi3b-I,2804,42,42,355,61%,2540,11%
300,test-b9,2804,39,39,451,73%,2485,8%
301,LZ9_SL_04_po1600,2804,85,85,100,74%,2530,7%
302,Aya790h_p1v0_40k,2801,66,66,166,77%,2381,7%
303,LZ_233_9py,2801,70,70,129,75%,2455,10%
304,Waffle-4.3,2801,39,39,412,77%,2502,13%
305,H_LeelaZ_49_1600po,2800,72,72,120,72%,2521,14%
306,LZ20-128_150po,2797,71,71,118,56%,2659,3%
307,Aya807_p4v4t8_pon1,2797,35,35,664,48%,2673,5%
308,Charlie_010,2796,63,63,165,74%,2525,18%
309,LZ_6-128_R7-M260-2,2795,42,42,314,76%,2533,21%
310,HLeelaz_158_30po,2795,62,62,131,53%,2704,13%
311,LZ9_SL_05_po1600,2795,63,63,147,63%,2629,12%
312,LZ6-128_H530,2794,16,16,2691,66%,2561,2%
313,Hactar-7-148,2794,72,72,119,77%,2477,15%
314,LZQ9_29,2793,69,69,147,76%,2508,11%
315,Zen-11.0n-4c,2793,10,10,7039,76%,2473,13%
316,Aya798b_p1v1_10k,2793,11,11,5122,67%,2580,10%
317,LZ4-128_H530-2,2792,31,31,777,80%,2462,4%
318,Hactar-7-159,2792,38,38,435,76%,2480,13%
319,H_LeelaZ_114m_50po,2791,45,45,251,71%,2527,24%
320,minusGo-59-0-16,2790,42,42,382,72%,2510,12%
321,LZQ9_28,2790,76,76,125,76%,2488,7%
322,kata181_b60s580_p1,2789,46,46,401,65%,2340,12%
323,Weights_40_400,2789,68,68,141,69%,2481,9%
324,sai9_65_50po,2788,78,78,110,74%,2469,6%
325,Sai9_44_50po,2786,44,44,297,73%,2504,16%
326,kata1_b18s583v1,2784,90,90,133,75%,2169,11%
327,Aya798a_p1v1_10k,2783,37,37,495,76%,2483,8%
328,H_LeelaZ_110_50po,2782,45,45,285,69%,2469,22%
329,kohada0.3.1-1080Ti,2779,31,31,779,60%,2305,14%
330,katago545,2777,57,57,183,56%,2500,15%
331,LZ_205_2240_p800,2777,15,15,2952,73%,2458,9%
332,hactar-9-12,2777,20,20,1839,55%,2572,8%
333,khd-orangepi3b-A,2774,59,59,156,55%,2626,11%
334,HLeelaZ_125_50po,2773,47,47,262,75%,2467,21%
335,CrazyStone-0004,2771,5,5,47142,91%,2141,3%
336,Waffle-4.0,2769,55,55,208,72%,2507,13%
337,Rn.5.12,2768,46,46,248,65%,2549,23%
338,H_LeelaZ_48_1600po,2763,67,67,133,70%,2542,17%
339,Rn.5.15,2762,25,25,883,66%,2554,22%
340,Zen-11.4n-2c,2762,22,22,1233,64%,2589,13%
341,LZ20-128_200po,2760,70,70,134,54%,2664,1%
342,kata181b40s1148_p1,2760,6,6,21601,46%,2574,17%
343,Aya800_0622F64_10k,2760,9,9,7015,69%,2492,13%
344,LZ_6-128_QUADRO600,2759,37,37,407,72%,2533,15%
345,Waffle-4.2,2757,45,45,306,72%,2502,11%
346,Waffle-4.1,2757,52,52,256,77%,2420,11%
347,Aya800e_0721_10k,2757,3,3,101818,67%,2474,11%
348,H_LeelaZ_87_50po,2757,44,44,279,63%,2589,21%
349,khd-orangepi3b-9,2756,69,69,109,54%,2641,15%
350,Zen-11.4n-1c,2752,28,28,795,70%,2492,9%
351,Aya799_p1v1_10k,2751,7,7,11922,66%,2533,11%
352,Rn.5.7b,2751,45,45,315,67%,2525,6%
353,H_LeelaZ_74_50po,2750,60,60,156,56%,2658,17%
354,CrazyStone-0003,2749,11,11,13999,92%,2140,2%
355,Rn.5.14,2748,32,32,554,64%,2554,24%
356,galvanise_test5,2747,70,70,129,74%,2425,8%
357,HLeelaz_153_10po,2745,49,49,247,66%,2512,13%
358,AyaF128a510_10k,2745,20,20,1753,72%,2362,7%
359,kohada0.2-1050Ti,2745,51,51,179,44%,2700,13%
360,Zen-11.0n-2c,2744,7,7,14017,70%,2451,11%
361,H_LeelaZ_90_50po,2744,47,47,265,63%,2537,20%
362,LZ4-128_QUADRO600,2742,55,55,166,67%,2553,16%
363,Tama065devNa128_1k,2741,62,62,263,58%,2344,6%
364,LZ4-128_R7-M260,2740,35,35,458,70%,2502,12%
365,Aya790h_p1v0_20k,2739,52,52,276,73%,2350,6%
366,Rn.5.9,2739,40,40,399,68%,2475,16%
367,Tornado-1.0,2737,53,53,228,69%,2472,11%
368,Waffle-3.7,2735,49,49,268,68%,2513,10%
369,RayZero-v1.2-p3200,2734,53,53,200,56%,2596,13%
370,Rn.5.18,2732,71,71,110,66%,2381,20%
371,H_LeelaZ_68_50po,2732,58,58,181,64%,2522,14%
372,Thunderbird,2730,24,24,1916,70%,2269,7%
373,Aya797_p1v0_g0_20k,2730,27,27,1638,87%,2276,4%
374,Waffle-3.6,2729,37,37,440,60%,2578,12%
375,Aya800e0802_14b_2k,2728,70,70,106,65%,2557,14%
376,Sai9_117_1600po,2728,59,59,164,63%,2534,21%
377,khd-orangepi3b-8,2728,64,64,139,50%,2657,12%
378,H_LeelaZ_44_1600po,2727,63,63,133,56%,2591,17%
379,Zen-15.3-1c0g,2726,23,23,1261,68%,2442,8%
380,galvanise_test4,2724,56,56,211,70%,2358,11%
381,Aya786m_4c,2723,21,21,1612,70%,2351,7%
382,Rn.5.10,2723,56,56,167,71%,2513,26%
383,cz_nn,2721,83,83,115,69%,2401,5%
384,CrazyStone-0002,2720,11,11,10631,90%,2238,3%
385,Aya_0802_0622_5k,2720,70,70,104,64%,2562,21%
386,LZ9-12k,2720,52,52,190,57%,2623,14%
387,Rn.5.17,2719,51,51,248,70%,2272,17%
388,H_LeelaZ_83_50po,2719,62,62,177,60%,2549,12%
389,Rn.5.7,2716,61,61,155,56%,2631,14%
390,H_LeelaZ_80_50po,2715,70,70,114,54%,2618,16%
391,kata-dg-32,2711,81,81,143,44%,2619,5%
392,HLeelaz_158_10po,2711,67,67,130,52%,2612,10%
393,CLeelaz9Test4,2709,13,13,3790,65%,2470,17%
394,XVG-1.2-z3i280t48n,2708,59,59,165,58%,2501,15%
395,hactar-9-18,2707,85,85,117,57%,2395,10%
396,H_LeelaZ_79_50po_2,2707,48,48,282,61%,2563,13%
397,KG_20b9_335_1p,2706,40,40,384,53%,2587,17%
398,LZ4-128_R7-M260-2,2705,42,42,367,69%,2450,4%
399,Callisto-2.1-2k,2705,42,42,372,62%,2542,6%
400,H_LeelaZ_82_50po,2704,78,78,113,58%,2620,11%
401,KG_30b11_406_1p,2703,38,38,474,50%,2554,11%
402,pikac_3s6b144c1d,2700,19,19,2326,48%,2411,9%
403,Aya_F128L39_p800,2700,48,48,242,63%,2526,11%
404,H_LeelaZ_85_50po,2696,74,74,132,51%,2648,13%
405,Hactar-7-143-2g,2693,55,55,194,66%,2500,11%
406,H_LeelaZ_65_50po,2692,66,66,134,64%,2543,11%
407,Hactar-7-128,2692,74,74,104,58%,2552,12%
408,khd-orangepi3b-4,2692,56,56,179,44%,2658,15%
409,tamagoNat128x10_4k,2691,17,17,2431,48%,2590,9%
410,Rn.5.14a,2689,76,76,101,57%,2495,20%
411,Rn.5.19-np,2689,46,46,262,63%,2437,16%
412,LZ20-128_100po,2688,79,79,116,59%,2527,1%
413,khd-orangepi3b-2,2687,47,47,364,50%,2496,9%
414,Sai9_99_1600po,2684,56,56,200,57%,2537,16%
415,Hira-No3025-1B,2683,48,48,254,60%,2435,10%
416,Waffle-3.4,2682,41,41,369,49%,2604,12%
417,LZ_232_9py,2680,53,53,211,61%,2431,8%
418,H_LeelaZ_70_50po,2679,67,67,135,61%,2503,12%
419,H_LeelaZ_67_50po,2679,56,56,189,60%,2557,11%
420,tamagoNat128x10_1k,2679,36,36,692,54%,2451,6%
421,khd-orangepi3b-5,2676,56,56,188,40%,2669,11%
422,LZ_226_9py,2676,73,73,121,62%,2437,6%
423,galvanise_nats_432,2675,44,44,313,53%,2525,9%
424,Aya786m_2c,2674,55,55,235,70%,2431,4%
425,Rn.4.30b-4c,2673,69,69,209,72%,2291,0%
426,CLeelaz9Test3,2673,32,32,668,57%,2493,14%
427,NNOdin_1.2.26_2T,2672,29,29,1340,45%,2465,5%
428,XVG-1.2-z2i200t24n,2672,40,40,376,56%,2566,9%
429,Hira-No3025-2B,2672,49,49,262,62%,2375,10%
430,ZOdin_12_T7CL9_21x,2672,48,48,318,48%,2539,13%
431,LZ20-128_60po,2670,60,60,180,49%,2632,4%
432,Hira-No160a-4c,2668,51,51,223,67%,2502,5%
433,lzq9_27_Intel620,2666,82,82,103,70%,2438,8%
434,HLeelaz65_72_50po,2665,68,68,138,67%,2419,7%
435,sai9_6566_p1000,2665,78,78,104,59%,2511,5%
436,khd-orangepi3b-3,2662,60,60,167,49%,2558,11%
437,lz225py_9,2662,65,65,163,56%,2397,7%
438,XVG-1.2-z3i280t48,2661,60,60,168,53%,2514,11%
439,Aya797d_15_ro_200k,2660,56,56,236,62%,2430,7%
440,LZ9_SL_03_po1600,2659,73,73,128,63%,2433,7%
441,H_LeelaZ_63_50po,2659,67,67,136,57%,2501,10%
442,NNOdin_1.2.23_T7,2658,21,21,1883,59%,2432,5%
443,XVG-1.2-z2i200t24,2658,40,40,379,60%,2495,11%
444,LZ_10b64f_QUADR600,2656,48,48,232,63%,2510,15%
445,Callisto-2.1-1k,2656,46,46,354,56%,2535,4%
446,kohada0.3.5.3500,2655,81,81,181,48%,2400,6%
447,Aya0212_0622v64_2k,2655,75,75,100,60%,2510,14%
448,Thunderbird_note,2653,26,26,1554,63%,2286,8%
449,XVG-1.1-z1i35t24,2651,64,64,240,86%,1982,4%
450,Aya786n_160k,2650,40,40,515,74%,2317,6%
451,HLeelaz_158_1po,2648,68,68,130,46%,2585,14%
452,Hira-No3025-4,2648,70,70,126,61%,2374,9%
453,H_LeelaZ_test_1,2646,45,45,343,60%,2514,13%
454,lz224_9,2644,80,80,101,65%,2376,6%
455,LZ_205_2240_p100,2644,39,39,452,66%,2423,6%
456,R-Go,2644,88,88,136,20%,2914,4%
457,AyaF128a49_10k,2644,30,30,956,68%,2312,4%
458,NNOdin_1.2.22_T7,2642,27,27,1350,52%,2525,5%
459,ZOdin_12_2T_21c,2639,16,16,2428,57%,2415,10%
460,ZOdin_12_2T_21f,2637,31,31,626,58%,2419,11%
461,Hira-No3025-3,2637,52,52,214,54%,2450,13%
462,LZ-4-128_Q600,2637,70,70,132,64%,2404,6%
463,H_LeelaZ_130_1po,2635,56,56,171,62%,2441,17%
464,NNOdin_1.2.25_T7,2634,19,19,2353,53%,2455,5%
465,NNOdin_1.2.24_T7,2630,18,18,2803,54%,2450,5%
466,H_LeelaZ_61_50po,2630,55,55,194,49%,2576,8%
467,Zen-11.0n-1k,2626,27,27,1257,78%,2201,7%
468,NNOdin_1.2.26_T7,2625,9,9,14073,51%,2370,4%
469,NNOdin_1.2.16_T7,2624,20,20,2902,61%,2376,3%
470,Rn.5.6,2624,49,49,276,49%,2555,10%
471,NNOdin_1.2.14_T7,2623,25,25,2191,53%,2464,3%
472,kata132_s191_t1_p1,2621,60,60,228,52%,2533,10%
473,kata135b40s299p1t1,2620,28,28,872,50%,2572,8%
474,QuickMan,2619,70,70,154,45%,2574,9%
475,Rn.5.13,2618,63,63,142,56%,2509,18%
476,NNOdin_1.2.20_T7,2618,18,18,2591,54%,2474,5%
477,Rn.5.19,2617,49,49,248,60%,2381,13%
478,H_LeelaZ_60_50po,2616,52,52,211,47%,2563,11%
479,kata181_b20s530_p1,2616,23,23,1594,37%,2717,7%
480,Waffle-3.2-book3.1,2616,67,67,136,52%,2544,10%
481,ZOdin_12_2T_21,2616,33,33,600,57%,2416,9%
482,Franxx-Ep1-D015a,2616,47,47,260,48%,2547,13%
483,NNOdin_1.2.18_T7,2615,26,26,1352,50%,2523,5%
484,Waffle-3.3,2614,73,73,104,51%,2550,14%
485,Waffle-3.3-book3.2,2614,50,50,242,48%,2562,13%
486,NNOdin_1.2.19_T7,2614,24,24,1668,59%,2399,4%
487,XVG-1.1-z1i35t24n,2613,60,60,238,83%,2050,5%
488,HLeelaz65_15_1600p,2613,62,62,160,62%,2417,7%
489,pikac_4s9b256c4d,2612,80,80,220,53%,2301,7%
490,H_LeelaZ_59_50po,2611,70,70,112,50%,2568,12%
491,NNO_1.1.4_2_4E,2611,57,57,289,83%,2007,2%
492,H_LeelaZ_56_50po,2609,56,56,197,52%,2508,11%
493,NNOdin_1.2.13_T7,2609,40,40,766,58%,2367,3%
494,ZOdin_12_KP25,2608,42,42,489,42%,2558,8%
495,ZOdin_12_2T_21e,2608,26,26,806,55%,2456,11%
496,ZOdin_12_2000_24,2608,74,74,145,51%,2480,9%
497,ZOdin_12_2T_21g,2608,33,33,522,51%,2528,11%
498,NNOdin_1.2.21_T7,2606,26,26,1312,45%,2595,6%
499,ZOdin_12_KP24,2605,57,57,280,44%,2548,6%
500,HLeelaz_153_1po,2604,32,32,591,57%,2454,12%
501,aya_1s_p4v4t8,2604,164,164,118,80%,1960,2%
502,ZOdin_12_2T_21d,2602,28,28,745,54%,2431,11%
503,H_LeelaZ_58_50po,2601,64,64,142,52%,2530,12%
504,NNOdin_1.2.12_T7,2600,27,27,1610,53%,2451,4%
505,ZOdin_12_2T_21b,2598,27,27,812,56%,2406,10%
506,Odin_1.1.17_ZW4T4N,2597,46,46,292,58%,2486,9%
507,RayZero-v1.0-p3200,2596,58,58,210,65%,2329,9%
508,HLeelaz_158_3po,2596,73,73,128,37%,2587,11%
509,LZ20-128_30po,2596,69,69,149,50%,2453,6%
510,galvanise_test3,2594,57,57,208,60%,2400,6%
511,CLeelaz9Test2,2593,26,26,931,50%,2508,15%
512,H_LeelaZ_71_50po,2593,65,65,157,49%,2566,15%
513,Odin_1.1.17_ZW2T2N,2591,33,33,535,58%,2460,8%
514,Hira3025-1B-10K,2590,32,32,577,52%,2465,9%
515,ZOdin_12_T7CL9_20,2587,11,11,5256,56%,2410,10%
516,NNO_1.1.7_2_2E,2586,69,69,137,76%,2264,5%
517,MauMau,2586,54,54,189,54%,2485,6%
518,NNOdin_1.2.15_T7,2584,72,72,310,62%,2316,3%
519,NNO_1.1.0_4_2Eb,2583,35,35,492,74%,2298,7%
520,Hira3025-2B-10K,2583,32,32,585,54%,2426,9%
521,ZOdin_12_T7CL9_21A,2583,32,32,673,58%,2325,10%
522,mcts_02,2583,53,53,219,56%,2440,10%
523,Waffle-3.1,2583,65,65,136,56%,2460,8%
524,MG_m427ro1600_test,2583,72,72,101,61%,2434,13%
525,Franxx-Ep1-D015b,2582,50,50,262,50%,2508,10%
526,Oronamin1,2581,28,28,744,55%,2454,8%
527,Franxx-Ep1-D015,2580,48,48,260,53%,2483,13%
528,ZOdin_12_T7CL9_21,2580,10,10,6152,54%,2409,10%
529,tamago063natsu1000,2579,94,94,100,54%,2369,3%
530,kohada0.1-1050Ti,2578,88,88,125,57%,2329,6%
531,Hira3060-5RA-10K,2576,36,36,440,53%,2441,11%
532,Aya786m_80k,2575,81,81,121,63%,2364,2%
533,Hira3073-1A-10K,2573,31,31,621,51%,2447,10%
534,galvanise_t140p,2573,63,63,170,53%,2487,8%
535,Tejava6S,2571,13,13,3416,54%,2453,12%
536,Franxx-Ep1-A390,2569,48,48,262,56%,2445,8%
537,KG_20b9_287_1p,2569,58,58,202,51%,2454,7%
538,ZOdin_12_T7CL9_19,2569,22,22,1342,54%,2409,10%
539,NNOdin_1.1.19_T7,2568,31,31,680,56%,2409,6%
540,NNOdin_1.2.1_T7,2568,18,18,2001,58%,2385,7%
541,Hira3034-1-2-10K,2568,28,28,823,49%,2499,8%
542,NNOdin_1.1.17_ZW,2568,18,18,2078,55%,2447,8%
543,Aya786m_40k,2567,14,14,4173,65%,2314,4%
544,ZOdin_12_T7CL9_18,2567,23,23,1220,50%,2455,11%
545,NNO_1.1.4_4_2E,2566,43,43,491,82%,1985,3%
546,Oronamin2,2566,35,35,448,56%,2456,8%
547,Hira3025-4x2-10K,2566,20,20,1630,47%,2502,8%
548,ZOdin_12_T7CL9_21D,2565,35,35,518,53%,2431,9%
549,ZOdin_12_2000_23,2565,40,40,415,50%,2447,7%
550,ZOdin_12_2000_22,2564,37,37,509,48%,2474,9%
551,TamaGo063Natsu4000,2564,97,97,120,52%,2435,3%
552,ZOdin_12_T7CL9_21C,2563,29,29,666,52%,2437,8%
553,NNO_1.1.2_2_2E,2562,37,37,516,76%,2265,4%
554,NNOdin_1.1.21_T7,2560,46,46,324,65%,2334,5%
555,Hira3060-7RA-10K,2557,43,43,334,51%,2398,10%
556,Hira3060-5RB-10K,2557,27,27,828,50%,2424,10%
557,NNOdin_1.1.8_E,2557,26,26,969,73%,2256,5%
558,ZOdin_12_KP26,2556,88,88,124,38%,2519,7%
559,NNOdin_1.1.20_T7,2556,38,38,451,59%,2376,6%
560,gzero_z99_100po,2554,53,53,209,57%,2421,8%
561,Hira3025-3x2-5-10K,2552,21,21,1541,48%,2472,8%
562,Hira3025-2x2-5-10K,2552,18,18,2036,49%,2458,9%
563,ZOdin_12_2400_22,2552,48,48,330,49%,2466,7%
564,CLeelaz9Test1,2551,33,33,589,54%,2489,14%
565,ZOdin_12_2400_19b,2548,59,59,202,45%,2465,10%
566,AyaF128a510_ro_10k,2548,5,5,37426,61%,2264,4%
567,Hira3073-2A-10K,2548,76,76,118,56%,2334,12%
568,ZOdin_12_2000_17,2548,42,42,413,48%,2459,10%
569,Calisto-3.1-1k,2547,70,70,123,50%,2463,7%
570,Hira3025-4-10K,2546,53,53,220,49%,2462,10%
571,CGI1337_10k,2546,38,38,496,66%,2285,5%
572,Hira3025-1x2B-10K,2546,19,19,1626,48%,2466,10%
573,Hira3025-2x2-1-10K,2544,28,28,803,48%,2461,8%
574,ZOdin_12_T7CL9_14,2544,25,25,996,49%,2441,9%
575,Franxx-Ep1-G556,2544,50,50,244,48%,2515,12%
576,Hira3060-4RA-10K,2543,37,37,439,48%,2447,11%
577,Hira3060-6RA-10K,2542,26,26,931,51%,2383,10%
578,ZOdin_12_TWCL6_14,2542,15,15,2752,53%,2412,9%
579,ZOdin_12_2600_14,2541,53,53,234,50%,2411,10%
580,NNOdin_1.2.11_T7,2541,23,23,2005,53%,2409,3%
581,Fuego-2033-4c,2541,34,34,522,57%,2428,7%
582,ZOdin_12_T7CL9_16,2540,28,28,883,61%,2298,6%
583,ZOdin_12_T7CL9_17,2540,25,25,1062,60%,2318,8%
584,Hira3073-0-10K,2540,26,26,952,50%,2383,9%
585,ZOdin_12_2600_16,2540,43,43,441,46%,2469,7%
586,ZOdin_12_2400_25,2540,56,56,246,46%,2474,4%
587,Waffle-3.0,2540,65,65,151,61%,2362,5%
588,NNOdin_1.1.7_E,2539,29,29,735,64%,2332,7%
589,NNOdin_1.1.5_ES,2538,39,39,404,71%,2315,4%
590,NNO_1.1.4_2_2E,2538,38,38,402,70%,2312,7%
591,ZOdin_12_2000_20,2538,47,47,318,47%,2473,8%
592,Hira3060-4RB-10K,2538,29,29,755,46%,2448,11%
593,ZOdin_12_T7CL9_13,2536,30,30,709,53%,2386,10%
594,Spiegel-0.5,2536,72,72,129,57%,2366,5%
595,Hira3034-1-10K,2536,25,25,1087,43%,2525,8%
596,NNOdin_1.1.18_T7,2536,40,40,441,51%,2415,6%
597,Hira3060-8A-10K,2536,44,44,335,51%,2362,12%
598,tamago063_SL_4000,2535,69,69,161,47%,2453,5%
599,ZOdin_12_T6CL7_17,2535,23,23,1305,54%,2383,9%
600,ZOdin_12_2400_18,2534,46,46,314,47%,2454,11%
601,ZOdin_12_T6CL7_19,2534,23,23,1295,54%,2384,7%
602,ZOdin_12_T4CL8_13,2533,21,21,1370,54%,2380,9%
603,Hira3060-4RC-10K,2533,55,55,205,49%,2416,10%
604,NNOdin_1.2.2_T7,2533,40,40,436,51%,2413,7%
605,Hira-No160a-40k,2533,43,43,313,57%,2440,4%
606,Hira3060-6B-10K,2533,43,43,352,53%,2366,13%
607,ZOdin_12_2400_23,2533,38,38,490,48%,2443,9%
608,Hira3025-4J-10K,2533,56,56,200,48%,2450,8%
609,Fuego-2033-16c,2532,59,59,156,44%,2556,10%
610,NNOdin_1.1.15_ZH,2531,28,28,793,53%,2453,8%
611,Oronamin3,2529,52,52,238,61%,2270,6%
612,Rn.5.12-10k,2529,31,31,666,49%,2441,14%
613,LZ9_SL_02_po1600,2528,60,60,161,52%,2442,9%
614,Rn.5.5,2528,60,60,185,49%,2440,9%
615,Hira3025-0-10K,2528,20,20,1465,49%,2425,9%
616,Hira3071-6C-10K,2527,70,70,117,49%,2429,8%
617,ZOdin_12_T7CL9_15,2526,27,27,913,51%,2399,8%
618,H_LeelaZ_25_1600po,2525,78,78,100,50%,2438,13%
619,Spiegel-0.5p,2525,72,72,140,57%,2351,11%
620,ZOdin_12_T3CL6_15,2524,28,28,767,51%,2430,10%
621,ZOdin_12_2400_24,2524,52,52,265,47%,2433,8%
622,H_LeelaZ_54_50po,2522,68,68,138,49%,2473,7%
623,ZOdin_12_TWCL6_13,2521,22,22,1257,51%,2455,11%
624,ZOdin_12_T6CL7_14,2521,33,33,665,53%,2371,8%
625,Callisto-1.0-1k,2520,56,56,199,44%,2555,2%
626,Hira3025-3-10K,2518,76,76,129,47%,2438,6%
627,XVG-1.0-pv1t24,2517,60,60,234,78%,2077,3%
628,ZOdin_12_T3CL6_14,2517,31,31,662,49%,2457,9%
629,Rn.5.9-10k,2517,68,68,150,55%,2416,7%
630,ZOdin_12_T3CL6_12,2517,29,29,765,52%,2435,7%
631,NNOdin_1.1.1_E,2516,47,47,289,73%,2278,7%
632,ZOdin_12_T7CL9_11,2515,30,30,739,55%,2350,7%
633,ZOdin_12_T4CL8_12,2515,27,27,869,50%,2406,9%
634,NNOdin_1.1.1_ES,2513,43,43,338,71%,2247,7%
635,ZOdin_12_T4CL8_15,2513,36,36,492,56%,2372,8%
636,Hira3060-1x2A-10K,2512,33,33,540,47%,2433,10%
637,NNOdin_0.13.4_MC3,2512,33,33,674,74%,2217,5%
638,ZOdin_12_T2CL6_15,2512,26,26,898,50%,2437,9%
639,NNOdin_1.1.0_E,2511,31,31,620,69%,2253,7%
640,ZOdin_12_2600_13,2511,50,50,273,42%,2480,10%
641,ZOdin_12_DL6a_13,2511,29,29,746,49%,2462,8%
642,ZOdin_12_2000_21,2511,47,47,346,48%,2431,6%
643,Rn.5.7b-10k,2510,31,31,644,51%,2423,7%
644,ZOdin_12_2000_15,2510,50,50,291,46%,2395,9%
645,Callisto-1.3-1k,2510,80,80,116,40%,2517,5%
646,ZOdin_12_CL6h_10,2510,15,15,2914,47%,2481,8%
647,NNOdin_1.1.2_E,2510,25,25,1091,73%,2211,4%
648,ZOdin_12_CL6h_11,2509,22,22,1297,47%,2477,7%
649,Rn.5.8b-10k,2509,31,31,706,50%,2423,5%
650,Hira3025-1x2-10K,2509,42,42,346,49%,2401,9%
651,NNO_1.1.1_2_2E,2509,74,74,107,70%,2265,9%
652,kohada0.3.4.d,2508,69,69,498,48%,2303,3%
653,ZOdin_12_T7CL9_10,2507,33,33,629,48%,2435,8%
654,ZOdin_12_T6CL7_20,2506,25,25,1255,50%,2336,9%
655,ZOdin_12_T7CL9_21B,2506,30,30,755,49%,2384,7%
656,Rn.5.4,2505,38,38,541,55%,2353,6%
657,ZOdin_12_T4CL8_16,2505,36,36,512,53%,2352,6%
658,ZOdin_12_T2CL6_13,2504,29,29,744,50%,2435,8%
659,Hira3025-4B-10K,2504,68,68,173,42%,2462,8%
660,ZOdin_12_T4CL8_14,2503,35,35,533,58%,2300,9%
661,ZOdin_12_T3CL6_13,2502,31,31,645,47%,2482,8%
662,NNOdin_1.1.4_E,2502,7,7,12560,56%,2370,6%
663,Hira3060-4R-10K,2502,68,68,132,49%,2418,8%
664,Oronamin4,2501,59,59,184,57%,2324,4%
665,ZOdin_12_T2CL6_12,2501,36,36,472,51%,2420,8%
666,ZOdin_12_CL6h_8,2500,27,27,954,48%,2456,8%
667,ZOdin_12_DL6a_9,2500,28,28,843,50%,2395,9%
668,ZOdin_12_DL6a_8,2500,21,21,1505,47%,2454,8%
669,ZOdin_12_CL6g_7,2499,22,22,1319,50%,2430,7%
670,NNOdin_1.1.0_ES,2498,38,38,402,65%,2260,8%
671,ZOdin_12_CL6g_9,2497,19,19,1709,50%,2424,8%
672,ZOdin_12_2000_18,2497,83,83,118,43%,2439,6%
673,ZOdin_12_CL6g_6,2496,46,46,285,51%,2429,7%
674,ZOdin_12_DL6a_11,2496,27,27,950,48%,2437,7%
675,ZOdin_12_T6CL7_18,2496,29,29,819,49%,2399,7%
676,ZOdin_12_TCL6_9,2496,21,21,1484,47%,2449,8%
677,ZOdin_12_TWCL6_12,2495,31,31,605,50%,2439,9%
678,HLeelaz65_85_1po,2494,62,62,197,54%,2380,3%
679,ZOdin_12_T6CL7_16,2494,31,31,673,51%,2404,6%
680,lz156_9,2494,76,76,137,47%,2385,6%
681,ZOdin_12_DL6a_7,2494,35,35,502,48%,2432,9%
682,ZOdin_12_2600_17,2493,46,46,333,44%,2454,8%
683,ZOdin_12_TCL10_7,2493,32,32,626,49%,2427,9%
684,ZOdin_12_2000_13,2493,58,58,227,44%,2443,7%
685,ZOdin_12_T2CL6_14,2493,33,33,565,49%,2434,7%
686,NNOdin_0.13.3_MC3,2493,31,31,758,73%,2216,4%
687,ZOdin_12_TCL10_9,2493,33,33,594,48%,2437,8%
688,ZOdin_12_DL6a_14,2491,34,34,560,49%,2432,8%
689,ZOdin_12_CL6g_8,2490,34,34,570,49%,2408,6%
690,ZOdin_12_2400_16,2490,47,47,336,41%,2470,10%
691,ZOdin_12_2600S_15,2488,76,76,134,46%,2401,9%
692,ZOdin_12_TCL6_7,2487,42,42,333,48%,2439,9%
693,khd-orangepi3b-7,2486,93,93,100,36%,2565,14%
694,ZOdin_12_T6CL7_15,2486,45,45,341,53%,2365,7%
695,ZOdin_12_T2CL6_16,2486,37,37,458,49%,2401,10%
696,ZOdin_12_TWCL6_10,2486,45,45,293,48%,2441,12%
697,galvanise_nats_3h,2485,61,61,176,41%,2498,3%
698,ZOdin_12_T7CL9_12,2484,43,43,365,46%,2419,10%
699,ZOdin_12_DL6a_12,2483,39,39,377,48%,2444,7%
700,ZOdin_12_CL6g_T,2483,49,49,272,49%,2397,9%
701,w7d,2482,35,35,531,51%,2380,12%
702,Aya794a523_ro_10k,2481,4,4,59557,83%,1958,3%
703,ZOdin_12_2400_20,2481,59,59,217,45%,2412,9%
704,ZOdin_12_CL6g_5,2479,53,53,211,50%,2429,9%
705,Tornado-0.0,2478,67,67,179,53%,2337,7%
706,ZOdin_12_CL6h_9,2478,45,45,353,48%,2419,7%
707,ZOdin_12_TCL10_10,2477,47,47,343,40%,2514,7%
708,NNO6_4_1.2.6T7,2477,48,48,334,57%,2315,4%
709,gzero_hz3_2_100po,2477,71,71,142,51%,2343,7%
710,ZOdin_12_T7CL9_9,2477,40,40,408,46%,2439,7%
711,ZOdin_12_T4CL8_9,2476,28,28,800,48%,2431,8%
712,ZOdin_12_DL6a_15,2475,42,42,361,46%,2457,8%
713,Rn.5.3,2474,51,51,327,56%,2280,5%
714,ZOdin_12_TCL10_8,2473,38,38,427,44%,2469,9%
715,ZOdin_12_DL6a_10,2473,29,29,795,43%,2472,6%
716,ZOdin_12_CL6g_10,2472,52,52,245,46%,2450,7%
717,ZOdin_12_T4CL8_11,2472,43,43,378,50%,2353,7%
718,ZOdin_12_T3CL6_11,2471,47,47,282,42%,2489,7%
719,ZOdin_12_T7CL9_7,2469,36,36,473,47%,2436,7%
720,ZOdin_12_T3CL6_10,2469,59,59,168,45%,2459,10%
721,ZOdin_12_2600S_17,2468,62,62,248,43%,2428,4%
722,ZOdin_12_T2CL6_8,2468,57,57,205,50%,2404,8%
723,NNOdin_0.13.3_MC2,2468,28,28,1000,68%,2192,4%
724,NNO3_2_1.2.6T7,2468,42,42,436,56%,2298,4%
725,ZOdin_12_C50K_6,2468,52,52,234,44%,2428,7%
726,ZOdin_12_T2CL6_11,2468,55,55,210,44%,2487,5%
727,ZOdin_12_CL6d_24,2467,23,23,1292,51%,2407,7%
728,NNOdin_1.2.9_T7,2467,30,30,757,45%,2424,6%
729,ZOdin_12_T4CL8_8,2467,28,28,826,49%,2424,7%
730,ZOdin_12_TWCL6_11,2466,52,52,242,49%,2410,5%
731,ZOdin_12_2600S_16,2464,72,72,146,44%,2415,7%
732,ZOdin_12_2400_12,2464,51,51,271,44%,2406,7%
733,NNOdin_0.13.15_E,2464,18,18,1875,71%,2214,5%
734,ZOdin_12_T6CL7_9,2463,36,36,473,46%,2428,8%
735,ZOdin_12_2600S_14,2462,74,74,140,43%,2423,5%
736,NNOdin_1.2.10_T7,2462,52,52,330,58%,2358,3%
737,ZOdin_12_T3CL6_9,2462,43,43,345,47%,2425,8%
738,Thunderbird_base,2460,111,111,283,73%,1874,3%
739,CGI1337n_10k,2460,45,45,346,58%,2299,6%
740,ZOdin_12_T4CL8_10,2459,52,52,259,52%,2349,5%
741,w8d,2459,52,52,264,46%,2383,13%
742,ZOdin_12_CL6h_5,2459,53,53,200,47%,2414,7%
743,ZOdin_12_CL6d_19,2458,23,23,1190,46%,2441,6%
744,ZOdin_12_T2CL6_7,2458,32,32,656,47%,2457,5%
745,ZOdin_12_TCL6_8,2456,47,47,264,46%,2408,9%
746,NNOdin_1.2.8_T7,2456,19,19,2185,48%,2344,6%
747,ZOdin_12_TWCL6_8,2453,51,51,240,44%,2450,6%
748,ZOdin_12_T6CL7_7,2452,32,32,600,46%,2435,8%
749,ZOdin_12_TWCL6_9,2452,56,56,191,42%,2489,7%
750,ZOdin_12_CL6g_4,2452,64,64,148,49%,2419,7%
751,ZOdin_12_CL6d_21b,2451,31,31,728,42%,2483,6%
752,ZOdin_12_CL6h_7,2451,39,39,406,44%,2433,8%
753,ZOdin_12_T7CL9_8,2451,64,64,144,47%,2406,6%
754,ZOdin_12_CL6d_20,2450,29,29,833,42%,2468,6%
755,NNOdin_0.13.4_MC2,2449,30,30,839,63%,2237,4%
756,ZOdin_12_CL6h_6,2449,75,75,113,37%,2501,7%
757,H_LeelaZ_81_1po,2449,66,66,161,48%,2468,7%
758,NNOdin_1.2.9_T7A,2449,42,42,384,43%,2421,5%
759,ZOdin_12_2600S_13,2449,73,73,145,40%,2435,6%
760,ZOdin_12_TCL6_3,2448,30,30,715,44%,2440,7%
761,LZ_9006c708_9py,2448,89,89,127,49%,2356,1%
762,ZOdin_12_2000_10,2447,46,46,354,39%,2464,7%
763,ZOdin_12_2600S_11,2447,76,76,135,37%,2492,7%
764,ZOdin_12_T6CL7_20b,2446,60,60,213,45%,2350,9%
765,Fuego-2023-1c,2446,15,15,3587,62%,2249,5%
766,DCNNAyaF128L39a581,2446,6,6,21006,47%,2371,7%
767,NNOdin_0.13.15_D,2445,12,12,4511,72%,2145,4%
768,ZOdin_12_T5CL11_9,2445,28,28,815,46%,2388,8%
769,Hira-No160c-10k,2444,64,64,176,55%,2339,4%
770,ZOdin_12_T2CL6_9,2443,56,56,207,46%,2442,8%
771,ZOdin_12_T4CL8_5,2441,52,52,246,42%,2491,5%
772,ZOdin_12_2600S_12,2441,73,73,146,37%,2469,8%
773,ZOdin_12_T2CL6_10,2441,55,55,204,43%,2451,9%
774,NNOdin_1.2.7_T7,2440,24,24,1268,50%,2366,4%
775,NNOdin_1.2.9_S4,2440,33,33,703,44%,2371,8%
776,ZOdin_12_C50K_4,2440,49,49,243,48%,2411,6%
777,ZOdin_12_T6CL7_8,2439,46,46,325,44%,2445,4%
778,ZOdin_12_CL6f_15,2439,26,26,1074,41%,2488,4%
779,ZOdin_12_CL10a_14,2438,47,47,281,48%,2406,8%
780,ZOdin_12_2600S_10,2438,72,72,156,35%,2480,8%
781,ZOdin_12_CL6f_12,2438,54,54,249,41%,2452,4%
782,galvanise_test2,2436,67,67,147,48%,2396,7%
783,ZOdin_12_T4CL8_7,2435,45,45,329,47%,2389,6%
784,ZOdin_12_TCL10_6,2434,42,42,337,45%,2390,9%
785,ZOdin_12_CL6d_23,2433,44,44,357,44%,2466,8%
786,Callisto-1.1-1k,2432,72,72,155,35%,2535,5%
787,ZOdin_12_T6CL7_10,2432,47,47,325,47%,2348,7%
788,ZOdin_12_C50K_5,2430,56,56,179,43%,2456,10%
789,fuego1604_40k,2430,78,78,102,52%,2363,4%
790,ZOdin_12_T3CL6_8,2429,46,46,320,46%,2429,6%
791,LZ20-128_10po,2428,87,87,103,40%,2447,7%
792,ZOdin_12_CL10a_13,2428,47,47,308,42%,2488,5%
793,ZOdin_12_2600_11,2427,52,52,298,43%,2389,7%
794,ZOdin_12_CL6f_13,2426,33,33,701,41%,2449,7%
795,ZOdin_12_T6CL7_13,2425,63,63,208,39%,2419,6%
796,ZOdin_12_CL6g_3,2425,50,50,272,50%,2384,6%
797,ZOdin_12_CL6d_22,2425,37,37,622,40%,2454,4%
798,TejavaB99,2425,43,43,370,59%,2286,8%
799,NNOdin_1.2.9_S3,2424,36,36,553,45%,2362,8%
800,NNOdin_0.13.3_MC4,2424,11,11,5815,70%,2171,5%
801,ZOdin_12_T6CL7_12,2423,47,47,353,35%,2470,7%
802,ZOdin_12_DL6a_4,2423,61,61,163,42%,2448,6%
803,ZOdin_12_T5CL11_7,2423,32,32,633,47%,2394,7%
804,fuego1604_100k,2422,2,2,169735,44%,2373,5%
805,ZOdin_12_T6CL7_6,2422,52,52,223,45%,2401,9%
806,ZOdin_12_CL6d_15,2422,28,28,776,48%,2375,7%
807,ZOdin_12_T6CL7_11,2421,41,41,357,52%,2302,8%
808,Rn.5.5-10k,2421,38,38,469,45%,2383,4%
809,NNOdin_1.2.6_T7,2420,37,37,587,51%,2316,3%
810,ZOdin_12_TWCL6_7,2419,47,47,314,48%,2367,7%
811,ZOdin_12_CL6d_17,2419,33,33,591,39%,2436,7%
812,ranr,2419,139,139,141,68%,1983,1%
813,NNOdin_0.13.8_MC_A,2419,32,32,594,68%,2216,4%
814,ZOdin_12_CL6d_18,2418,38,38,441,43%,2400,10%
815,DCNNAya128x14b_577,2418,6,6,18791,42%,2416,8%
816,ZOdin_12_DL6a_6,2418,59,59,173,47%,2374,8%
817,ZOdin_12_CL6h_4,2417,54,54,234,47%,2338,6%
818,NNOdin_1.1.8_I5,2416,28,28,872,68%,2169,4%
819,ZOdin_12_T5CL11_10,2416,33,33,660,46%,2361,6%
820,NNOdin_0.13.5_MCf,2414,50,50,261,61%,2242,5%
821,ZOdin_12_T7CL9_5,2413,49,49,260,43%,2440,5%
822,ZOdin_12_2400_5,2412,56,56,221,40%,2454,7%
823,Rn.5.4-10k,2412,31,31,754,44%,2398,6%
824,ZOdin_12_CL6_19,2411,30,30,751,40%,2409,8%
825,Waffle-2.0,2411,41,41,448,51%,2301,4%
826,ZOdin_12_CL6_18,2409,18,18,2050,44%,2401,6%
827,NNOdin_0.13.4_MC4,2408,16,16,2642,69%,2181,6%
828,NNOdin_0.13.15_C,2408,27,27,1027,67%,2084,4%
829,NNO_1.2.7_1TY,2407,44,44,438,50%,2314,4%
830,NNOdin_1.2.9_S2,2406,35,35,612,43%,2360,8%
831,tamago062F_SL_1000,2405,98,98,149,54%,2142,3%
832,ZOdin_12_CL6d_14,2403,43,43,313,44%,2372,9%
833,ZOdin_12_TCL10_5,2403,43,43,380,45%,2380,5%
834,TejavaD150_8,2403,69,69,131,39%,2411,11%
835,NNOdin_1.1.8_I6,2402,33,33,594,68%,2195,5%
836,ZOdin_12_TCL6_5,2401,72,72,129,39%,2447,6%
837,Hira-No160a-10k,2401,43,43,337,46%,2400,5%
838,ZOdin_12_TCL6_6,2400,66,66,156,43%,2403,2%
839,NNOdin_0.13.8_MC_B,2399,28,28,776,68%,2176,5%
840,ZOdin_12_T5CL11_8,2399,39,39,453,43%,2383,6%
841,ZOdin_12_T3CL6_7,2398,45,45,346,38%,2463,8%
842,ZOdin_12_TWCL6_3,2397,57,57,246,38%,2475,4%
843,rang,2397,84,84,173,27%,2553,9%
844,gzero_t475_100po,2397,84,84,104,45%,2326,5%
845,Aya786m_10k,2396,6,6,33102,69%,2080,3%
846,ZOdin_12_CL6h_3,2395,65,65,150,44%,2362,10%
847,ZOdin_12_CL6d_16,2395,46,46,329,40%,2407,7%
848,ZOdin_12_CL6_20,2395,36,36,526,42%,2375,6%
849,ZOdin_12_TWCL6_6,2394,61,61,172,41%,2437,7%
850,Fuego-2033-1c,2393,33,33,536,45%,2373,6%
851,TejavaB99D,2392,61,61,192,54%,2261,8%
852,ZOdin_12_CL6f_8,2392,42,42,383,46%,2338,3%
853,ZOdin_12_CL10a_10,2392,48,48,294,39%,2457,6%
854,NNOdin_0.13.13_M3,2391,28,28,833,68%,2169,4%
855,Hiratuka-No160-10k,2391,30,30,851,57%,2289,4%
856,ZOdin_12_TWCL6_4,2390,80,80,116,39%,2490,6%
857,ZOdin_12_C50K_3,2389,52,52,220,48%,2332,6%
858,NNOdin_0.13.15_B,2389,41,41,351,64%,2237,7%
859,ZOdin_12_CL6g_2,2387,44,44,352,51%,2320,5%
860,ZOdin_12_T3CL6_3,2387,42,42,420,39%,2467,5%
861,ZOdin_12_2600S_9,2387,77,77,145,40%,2376,8%
862,ZOdin_12_T3CL6_5b,2386,60,60,215,37%,2479,5%
863,ZOdin_12_TCL6_4,2385,65,65,160,37%,2448,9%
864,ZOdin_12_T2CL6_5,2384,60,60,207,40%,2469,7%
865,NNOdin_1.1.8_I4,2383,25,25,965,63%,2233,5%
866,NNOdin_1.2.9_S1,2383,37,37,603,44%,2318,6%
867,ZOdin_12_CL10a_8,2382,37,37,533,41%,2408,6%
868,ZOdin_12_CL6d_13,2382,46,46,300,48%,2306,5%
869,ZOdin_12_TCL10_4,2381,58,58,245,37%,2427,5%
870,NNOdin_0.13.12_MC,2381,27,27,825,65%,2206,4%
871,ZOdin_12_T5CL11_3,2380,40,40,430,42%,2418,5%
872,ZOdin_12_CL6e_12,2380,39,39,422,42%,2390,7%
873,NNO_1.2.7_1TZ,2379,40,40,472,47%,2341,6%
874,ZOdin_12_T6CL7_5,2377,34,34,623,41%,2408,7%
875,ZOdin_12_T4CL8_3,2377,44,44,333,44%,2374,6%
876,ZOdin_12_CL10a_9,2376,72,72,123,43%,2385,7%
877,HLeelaz65_15_100po,2374,67,67,161,44%,2343,4%
878,ZOdin_12_CL10a_12,2373,60,60,238,37%,2435,5%
879,ZOdin_12_T3CL6_6,2373,64,64,176,39%,2424,7%
880,Hiratuka-No170-10k,2372,45,45,323,54%,2315,4%
881,ZOdin_12_CL6c_27,2372,34,34,535,38%,2420,9%
882,MG_test_m427_ro800,2371,55,55,218,43%,2356,8%
883,ZOdin_12_CL6c_20,2368,65,65,187,41%,2419,5%
884,ZOdin_12_CL6_17,2368,49,49,287,43%,2402,6%
885,ZOdin_12_CL6c_26,2366,41,41,361,42%,2371,9%
886,ZOdin_12_CL6c_24,2365,33,33,636,42%,2369,6%
887,ZOdin_12_CL6f_14,2365,63,63,178,38%,2431,6%
888,ZOdin_12_T5CL11_5,2364,61,61,188,42%,2362,8%
889,ZOdin_12_C64_17,2364,32,32,693,46%,2368,4%
890,ZOdin_12_2600_5,2364,58,58,223,37%,2441,6%
891,ZOdin_12_T2CL6_3,2362,47,47,355,41%,2416,4%
892,NNOdin_0.13.3_MC,2362,30,30,995,56%,2207,3%
893,ZOdin_12_CL6f_11,2360,62,62,219,40%,2380,7%
894,ZOdin_12_CL10a_11,2360,50,50,342,34%,2478,4%
895,NNO_1.2.7_1TX,2359,55,55,258,44%,2358,3%
896,ZOdin_12_2000_6,2359,69,69,156,37%,2425,4%
897,ZOdin_12_CL6_14,2359,47,47,298,44%,2390,5%
898,gzero_t475_10po,2354,77,77,156,45%,2314,6%
899,ZOdin_12_2600S_8,2353,78,78,164,43%,2272,8%
900,Leela-0.4.6-1c,2352,37,37,824,65%,2084,3%
901,NNOdin_0.13.10_MC,2351,34,34,526,62%,2172,5%
902,NNOdin_0.13.13_M4,2351,38,38,432,61%,2166,4%
903,NNOdin_1.1.8_I3,2350,26,26,1015,63%,2103,6%
904,ZOdin_12_CF96a_10,2350,43,43,445,39%,2410,4%
905,Aya781c_10k,2348,85,85,144,56%,2250,3%
906,pachi11_Pat_40k,2347,52,52,261,41%,2384,3%
907,DCNNAya128x14b_598,2347,11,11,7660,40%,2361,5%
908,ZOdin_12_CL6b_19,2345,38,38,555,37%,2437,4%
909,H_LeelaZ_65_1po,2344,39,39,527,38%,2421,6%
910,ZOdin_12_CL6b_22,2343,41,41,413,42%,2338,6%
911,ZOdin_12_CL6f_10,2343,74,74,142,44%,2310,4%
912,ZOdin_12_CF96a_7,2343,59,59,217,41%,2362,3%
913,ZOdin_PT3,2343,65,65,148,59%,2184,5%
914,ZOdin_12_CL6d_11,2341,47,47,355,42%,2321,6%
915,ZOdin_12_CL6e_13,2340,40,40,409,38%,2384,7%
916,ZOdin_12_CF96a_9,2340,37,37,602,38%,2386,5%
917,MFGO1256_10k,2339,59,59,195,53%,2270,9%
918,ZOdin_12_CL6b_21,2339,43,43,414,39%,2394,6%
919,ZOdin_12_C64_15,2339,44,44,350,56%,2206,5%
920,ZOdin_12_CL6e_10,2338,43,43,407,40%,2352,4%
921,NNOdin_1.2.17_T7,2338,59,59,343,60%,2148,3%
922,ZOdin_12_CL6h_2,2337,55,55,271,39%,2345,6%
923,ranh,2337,123,123,170,64%,2079,0%
924,ZOdin_12_CF96a_8,2336,33,33,752,36%,2428,5%
925,fuego2017_10k,2335,24,24,1612,54%,2215,3%
926,leela110_100k,2334,16,16,3495,46%,2288,3%
927,ZOdin_12_CL6b_23,2334,44,44,392,36%,2430,7%
928,NNOdin_0.13.2_MC,2333,23,23,1796,56%,2186,4%
929,H_LeelaZ_test_2,2332,62,62,229,37%,2445,7%
930,NNOdin_0.13.15_10K,2331,12,12,4707,65%,2104,4%
931,ZOdin_12_CL6f_6,2330,55,55,236,39%,2338,4%
932,DCNNAya128x14b_574,2329,23,23,1357,42%,2343,5%
933,ZOdin_12_C64_12,2328,36,36,494,54%,2239,4%
934,ZOdin_12_T7CL9_3,2327,47,47,313,39%,2377,6%
935,TangGo-1.1,2326,26,26,2379,18%,2706,2%
936,rana,2324,115,115,189,65%,2053,1%
937,ZOdin_12_CL6c_19,2323,47,47,408,42%,2304,5%
938,ZOdin_12_CL6c_28,2323,79,79,124,46%,2253,6%
939,ZOdin_12_CL10a_7,2321,46,46,352,43%,2312,5%
940,NNOdin_0.13.15_A,2320,43,43,341,57%,2174,4%
941,ZOdin_12_TCL10_3,2320,57,57,220,29%,2487,5%
942,ZOdin_12_CL6b_24,2320,77,77,112,45%,2298,9%
943,ZOdin_12_CL6_9,2320,36,36,492,44%,2377,4%
944,NNOdin_1.1.8_5K_E,2318,10,10,6568,47%,2289,4%
945,LZ20-128_1po,2317,74,74,155,35%,2422,1%
946,leela090_100k,2314,46,46,257,54%,2234,4%
947,LZ-4-128_GT-420,2312,83,83,146,43%,2226,5%
948,Tarte_A-2.2,2311,80,80,118,38%,2342,13%
949,NNOdin_0.13.0_MC,2307,30,30,988,55%,2209,3%
950,NNOdin_0.13.13_M2,2305,50,50,252,63%,2074,6%
951,ZOdin_12_CL6d_9,2304,62,62,196,41%,2351,5%
952,NNOdin_0.13.4_MC,2303,38,38,621,52%,2200,3%
953,ZOdin_12_T6CL7_3,2301,54,54,255,39%,2353,3%
954,Aya807_cn3_p10000,2300,41,41,893,43%,2352,3%
955,NNOdin_1.2.5_T7,2300,51,51,384,50%,2200,3%
956,TangGo-1.2,2299,42,42,539,31%,2577,3%
957,matilda_1.23,2297,51,51,381,55%,2204,0%
958,hactar-9-20b,2295,125,125,112,34%,2390,4%
959,Odin_1.1.4_4T,2295,70,70,150,52%,2233,4%
960,FuegoAtomN450,2294,67,67,138,57%,2161,8%
961,ZOdin_12_KP_1,2293,110,110,120,36%,2376,5%
962,Fuego-2023-10ksim,2290,14,14,4941,55%,2171,4%
963,ZOdin_12_CL6c_21,2290,83,83,168,37%,2366,4%
964,DCNNAya0719F128L11,2288,7,7,17886,35%,2373,5%
965,ZOdin_12_CL6b_20x,2288,61,61,204,35%,2403,5%
966,Ray.9.0-z2-100k,2284,61,61,198,35%,2378,22%
967,TejavaZ50C,2284,49,49,246,51%,2259,7%
968,Odin_1.2.26_4T,2282,46,46,799,35%,2425,1%
969,Tarte_A-2.3,2280,90,90,126,36%,2299,7%
970,Leela-0.4.3-1c,2279,63,63,194,68%,2015,4%
971,TejavaD300_16,2278,61,61,193,40%,2300,7%
972,DCNNAya128x14b_561,2278,23,23,1550,39%,2346,5%
973,MC_ark_Detlef_4,2277,70,70,155,58%,2174,8%
974,fuego1604_10k,2275,5,5,59113,40%,2384,2%
975,Odin_1.2.26_3T,2273,35,35,1715,35%,2439,1%
976,Valkyria3.5.19_4t,2266,9,9,10240,61%,2113,10%
977,NNOdin_0.13.13_MC,2257,49,49,285,61%,2080,5%
978,ZOdin_12_2600S_5,2256,73,73,200,39%,2295,4%
979,TejavaZ50A,2256,49,49,255,50%,2187,8%
980,matilda_1.24,2255,91,91,120,52%,2226,0%
981,Fuego-10k-dcnn,2253,59,59,263,56%,2111,4%
982,Tarte_A-2.1,2252,88,88,125,40%,2216,12%
983,Odin_1.0.3_4T,2251,31,31,698,58%,2097,6%
984,LZ9_SL_01_po1600,2250,81,81,121,38%,2279,7%
985,ZOdin_12_2600S_7,2248,88,88,133,36%,2348,4%
986,ZOdin_12_KP_6,2247,94,94,166,29%,2457,2%
987,Waffle-1.0,2247,87,87,142,48%,2189,4%
988,ZOdin_12_Z64_9,2246,38,38,428,52%,2179,6%
989,matilda_1.21,2245,68,68,237,61%,2096,0%
990,rank,2244,85,85,273,58%,2081,3%
991,TejavaZ50B,2244,46,46,277,45%,2241,8%
992,Odin_1.0.3_6T,2243,59,59,194,63%,2009,6%
993,ZOdin_12_CL6b_15,2236,62,62,201,41%,2273,6%
994,DCNN_AyaF128a558x1,2235,18,18,2935,36%,2344,4%
995,Odin_1.0.3_8T,2229,55,55,250,52%,2101,5%
996,Aya787h_2k,2227,17,17,4365,57%,2119,2%
997,Odin_1.2.26_2T,2226,31,31,2159,38%,2364,1%
998,Tarte_A-2.0,2226,90,90,147,45%,2136,5%
999,ZOdin_12_Z64_b21,2222,44,44,427,55%,2078,6%
1000,TejavaZ99B,2215,68,68,145,43%,2192,15%
1001,NNO_1.1.0_4_2E,2213,66,66,171,49%,2131,9%
1002,Odin_0.12.5_1TL,2212,60,60,245,57%,2118,3%
1003,Odin_1.1.14_1T,2205,22,22,1925,38%,2275,4%
1004,Odin_1.0.3_2T,2205,48,48,400,75%,1846,2%
1005,ws-210530_9lv5,2204,25,25,3910,46%,2201,1%
1006,Odin_1.1.4_1T,2203,24,24,1334,38%,2275,5%
1007,Odin_1.1.15_1T,2203,53,53,367,34%,2319,2%
1008,Odin_1.1.16_1T,2201,39,39,609,36%,2280,3%
1009,tamago063_RL_1000,2195,93,93,101,34%,2351,5%
1010,Odin_1.1.13_1T,2194,40,40,533,38%,2294,4%
1011,Odin_1.2.26_1T,2194,24,24,4027,40%,2315,1%
1012,H_LeelaZ_48_1po,2193,55,55,349,34%,2258,6%
1013,ZOdin_12_CL6c_13,2191,46,46,621,33%,2318,2%
1014,rany,2188,73,73,142,30%,2444,4%
1015,ZOdin_12_T3CL6_5,2185,87,87,138,26%,2420,3%
1016,Odin_0.12.5_1T,2184,33,33,857,52%,2151,4%
1017,Odin_1.1.5_1TS,2181,61,61,221,44%,2211,4%
1018,Odin_1.1.2_1T,2180,29,29,877,50%,2108,5%
1019,weakbot,2180,85,85,195,43%,2223,2%
1020,TejavaZ99A,2177,74,74,153,44%,2145,8%
1021,Leela-0.6.0j-1c,2174,87,87,111,46%,2195,5%
1022,ray_8.0.1_10k,2174,7,7,22997,43%,2206,0%
1023,gzero_t442_1po,2173,75,75,226,42%,2188,3%
1024,Odin_1.1.17_1T,2171,34,34,914,35%,2274,3%
1025,ZOdin_12_2400_19,2171,82,82,253,29%,2407,3%
1026,ZOdin_12_CL6b_10,2169,52,52,356,33%,2310,4%
1027,Odin_1.0.3_1T,2168,13,13,3743,51%,2098,4%
1028,Odin_0.13.6_1T,2164,29,29,903,49%,2116,5%
1029,Odin_1.2.23_1T,2163,31,31,1852,37%,2273,2%
1030,Odin_0.12.6_1T,2163,12,12,6535,52%,2115,4%
1031,TejavaZ50D,2162,71,71,133,45%,2147,6%
1032,ZOdin_12_2600S_4,2161,86,86,157,36%,2265,5%
1033,Odin_1.2.22_1T,2160,37,37,1304,35%,2351,2%
1034,Odin_1.2.1_1T,2160,39,39,757,39%,2230,3%
1035,Odin_1.2.16_1T,2158,24,24,2855,41%,2214,2%
1036,Odin_1.2.20_1T,2155,24,24,2408,35%,2320,2%
1037,Odin_1.1.1_1T,2154,69,69,147,43%,2172,5%
1038,Aya781c_1k,2153,35,35,751,79%,1833,4%
1039,pachi11_Pat_10k,2153,15,15,3732,43%,2221,2%
1040,Odin_1.2.18_1T,2152,36,36,1316,35%,2324,2%
1041,DCNN_AyaF128a523x1,2152,4,4,89750,35%,2384,2%
1042,ZOdin_12_CL6c_22,2151,74,74,210,32%,2341,2%
1043,Odin_1.0.10_1T,2151,41,41,370,48%,2112,7%
1044,ws-201217_9lv5,2150,31,31,3144,47%,2139,1%
1045,Odin_1.1.1_1TS,2150,48,48,322,42%,2173,5%
1046,Odin_1.2.24_1T,2147,26,26,2776,36%,2292,1%
1047,Odin_1.2.19_1T,2146,32,32,1634,37%,2272,2%
1048,Valkyria3.5.19_1t,2145,16,16,3116,43%,2200,10%
1049,Odin_1.1.21_1T,2144,56,56,324,35%,2263,1%
1050,pachi10_Pat_10k,2142,21,21,2312,49%,2136,3%
1051,Odin_0.13.5_1T,2142,51,51,313,53%,2044,5%
1052,Odin_1.2.25_1T,2140,39,39,1062,35%,2295,1%
1053,Odin_1.0.4_4TS,2140,45,45,398,43%,2115,4%
1054,Odin_1.0.10_1TS,2139,54,54,201,54%,2049,3%
1055,Odin_1.1.20_1T,2138,57,57,337,35%,2274,3%
1056,Odin_1.2.21_1T,2132,35,35,1212,28%,2462,2%
1057,Odin_0.13.7_1T,2128,16,16,2933,49%,2074,4%
1058,DCNN_AyaF128a510x1,2128,9,9,15770,51%,2090,3%
1059,Odin_0.12.4_1T,2126,30,30,1251,53%,2086,3%
1060,Odin_0.13.8_1Tb,2126,29,29,878,45%,2126,4%
1061,TangGo-1.3,2125,21,21,2909,53%,1980,2%
1062,Odin_0.13.12_1T,2124,19,19,1983,46%,2091,4%
1063,Odin_1.0.1_4T,2123,91,91,106,52%,2024,5%
1064,Odin_1.1.18_1T,2122,60,60,310,39%,2196,2%
1065,Odin_0.13.8_1T,2116,78,78,121,46%,2092,2%
1066,Odin_0.13.9_1T,2114,39,39,476,44%,2121,4%
1067,NNOdin_0.13.15_1K,2113,41,41,513,63%,1888,1%
1068,Odin_1.0.4_1TSa,2108,47,47,295,44%,2108,7%
1069,Odin_1.2.13_1T,2104,54,54,694,40%,2206,1%
1070,Odin_1.1.8_5K_I6,2103,32,32,675,44%,2120,3%
1071,Decima,2102,68,68,370,30%,2341,4%
1072,Odin_1.0.0_4T,2097,56,56,252,46%,2097,3%
1073,Odin_1.1.8_5K_I5,2096,25,25,1076,45%,2101,3%
1074,Odin_1.0.6_1TS,2094,40,40,368,49%,2061,4%
1075,Odin_1.0.4_1TSf,2092,44,44,394,45%,2070,5%
1076,Odin_1.0.7_1TS,2091,58,58,177,51%,2020,6%
1077,weakplayer,2089,62,62,582,31%,2348,4%
1078,Odin_0.13.11_1T,2088,35,35,582,43%,2104,5%
1079,NNO_KP3S4_27b,2086,44,44,410,39%,2204,3%
1080,NNO_KP3S3_24b,2084,37,37,621,43%,2169,4%
1081,Odin_1.0.2_1T,2083,71,71,165,47%,2054,1%
1082,Odin_1.2.12_1T,2083,34,34,1583,40%,2195,1%
1083,NNOdin_1.2.4_T7,2078,56,56,398,36%,2219,2%
1084,Odin_1.2.2_1T,2078,67,67,313,33%,2241,2%
1085,NNO_KP3S5_7b,2076,45,45,411,35%,2258,4%
1086,Odin_1.2.14_1T,2072,31,31,2087,38%,2231,1%
1087,Odin_0.11.3_100kR,2071,14,14,4825,51%,2067,2%
1088,Odin_1.0.4_1TSd,2069,54,54,221,38%,2149,6%
1089,Odin_0.11.6_1T,2069,68,68,178,50%,2050,2%
1090,ZOdin_12_Z64_x11,2068,86,86,129,54%,1942,3%
1091,gzero_hz3_4_1po,2068,72,72,236,36%,2186,2%
1092,ZOdin_12_2600S_3,2064,109,109,104,35%,2250,5%
1093,Odin_1.1.8_5K_I4,2063,23,23,1392,42%,2091,4%
1094,Odin_0.11.4_100kR,2061,47,47,408,51%,2086,1%
1095,Odin_1.1.8_5K_I3,2061,20,20,1966,43%,2081,4%
1096,ZOdin_12_5K_Z64_9,2059,50,50,290,43%,2088,3%
1097,Odin_1.1.8_5K_N22,2059,37,37,582,53%,1993,3%
1098,TejavaA320,2055,98,98,183,42%,2123,3%
1099,Odin_1.1.19_1T,2052,83,83,152,36%,2170,1%
1100,Odin_0.11.7B_1T,2051,34,34,713,49%,2069,3%
1101,Odin_0.12.2_1T,2047,59,59,275,51%,2063,2%
1102,Odin_0.11.6_100kR,2044,75,75,146,46%,2077,2%
1103,Odin_1.0.4_1TSc,2043,55,55,237,45%,2028,4%
1104,Odin_1.0.4_1TSb,2041,69,69,148,42%,2047,7%
1105,NNOdin_1.2.3_T7,2040,86,86,141,50%,2060,1%
1106,Odin_0.11.5_1TR,2040,69,69,153,50%,2045,3%
1107,Odin_1.0.9_1T,2039,45,45,326,55%,1904,4%
1108,Odin_1.2.11_1T,2037,42,42,858,35%,2263,1%
1109,Odin_0.11.8_1T,2036,26,26,1320,47%,2066,2%
1110,TejavaB30,2035,62,62,206,37%,2151,7%
1111,Odin_1.0.4_1TSh,2034,56,56,189,42%,2086,6%
1112,Odin_0.11.2_100kR,2034,25,25,1734,50%,2055,2%
1113,Odin_1.0.7_1T,2028,59,59,186,37%,2085,6%
1114,Odin_1.0.5_1TS,2027,62,62,155,44%,2051,4%
1115,leela090_10k,2027,61,61,213,36%,2093,3%
1116,khd-orangepi3b-0,2026,100,100,110,47%,2200,1%
1117,Odin_1.0.4_1Tb,2026,44,44,318,46%,2023,5%
1118,Odin_1.0.6_1T,2024,36,36,537,45%,2007,4%
1119,Odin_0.13.10_1T,2024,60,60,214,41%,2088,2%
1120,Odin_1.0.5_1T,2022,46,46,287,46%,2020,4%
1121,Odin_1.0.1_1T,2022,87,87,104,52%,1934,5%
1122,Odin_1.0.2_1TW,2022,65,65,214,45%,2011,3%
1123,CLeelaz9Test,2019,19,19,3111,44%,2045,4%
1124,Odin_1.0.4_1T,2016,57,57,210,45%,2001,5%
1125,Odin_1.0.4_1TSe,2013,47,47,341,44%,2025,3%
1126,Odin_0.11.1_100kR,2013,29,29,1281,53%,1989,2%
1127,Odin_0.10.7_100k,2013,33,33,796,48%,2055,2%
1128,Odin_0.10.7_100kR,2011,20,20,2377,49%,2043,2%
1129,Odin_1.0.4_1Tc,2009,52,52,257,44%,2026,6%
1130,Odin_0.11.5_100kR,2005,68,68,135,51%,2011,1%
1131,Odin_1.0.4_1TSg,2003,36,36,586,42%,2028,4%
1132,Odin_0.12.1_1T,2002,49,49,343,53%,2010,4%
1133,Odin_0.9.10_100k,1992,18,18,2478,53%,1985,2%
1134,Odin_0.10.6_100kR,1989,31,31,927,54%,1977,3%
1135,Odin_0.9.9_100k,1985,17,17,3004,51%,1987,1%
1136,Odin_1.0.0_1T,1985,45,45,467,46%,1965,3%
1137,tamago062_sl_1000,1981,84,84,143,39%,2189,1%
1138,Odin_0.10.2A_100k,1975,39,39,526,56%,1944,2%
1139,Waffle-0.0,1966,52,52,457,46%,2044,2%
1140,Odin_1.2.15_1T,1965,92,92,265,26%,2319,0%
1141,Odin_0.10.3B_100k,1963,54,54,264,56%,1955,2%
1142,Odin_0.9.11B_100k,1961,18,18,2644,53%,1942,2%
1143,ZOdin_12_2600S_2,1956,111,111,110,29%,2260,5%
1144,Odin_1.0.3_10K,1954,33,33,671,41%,1977,4%
1145,Odin_0.9.8_100k,1948,33,33,900,44%,2054,1%
1146,gnugo_v_3_8_lv10,1947,81,81,821,48%,2028,0%
1147,ZOdin_5K_PT3,1946,61,61,208,36%,2035,5%
1148,Odin_0.12.3_1Tb,1945,61,61,289,54%,1898,1%
1149,Odin_1.1.8_5K,1943,25,25,1295,43%,1987,3%
1150,Odin_0.9.11_100k,1943,16,16,2969,49%,1960,2%
1151,Tarte_A-1.0a,1940,120,120,106,24%,2291,4%
1152,Odin_0.12.0_1T,1940,44,44,449,55%,1886,2%
1153,Odin_0.10.3_100k,1937,57,57,226,50%,1965,2%
1154,Odin_1.2.8_1T,1926,44,44,858,36%,2130,2%
1155,Imrscl-030,1925,48,48,320,43%,2026,0%
1156,Odin_1.2.17_1T,1918,68,68,337,35%,2125,1%
1157,Odin_1.2.9_1T,1917,60,60,417,28%,2228,1%
1158,Odin_0.10.5_100kR,1915,36,36,604,56%,1906,2%
1159,mogoRel3_10k,1913,45,45,330,47%,1951,15%
1160,O_1.2.7_1TZ,1912,53,53,451,31%,2136,2%
1161,Odin_0.10.1A_100k,1906,43,43,371,53%,1906,4%
1162,gnugotest,1906,77,77,218,28%,2218,5%
1163,Odin_1.2.6_1T,1904,45,45,684,33%,2124,2%
1164,Odin_0.9.7_100k,1899,23,23,1563,52%,1934,2%
1165,Odin_0.9.5_100k,1892,19,19,2110,51%,1885,3%
1166,Odin_1.2.7_1T,1887,35,35,1024,32%,2124,2%
1167,Odin_0.9.6_100k,1882,29,29,978,51%,1882,3%
1168,O_1.2.7_1TX,1880,63,63,351,31%,2132,1%
1169,Odin_0.9.4_100k,1877,28,28,1028,51%,1858,2%
1170,TejavaA200,1871,95,95,111,31%,2224,7%
1171,Odin_0.10.5_100k,1871,75,75,117,51%,1902,2%
1172,gnugo3.8_mc,1864,29,29,914,36%,2083,5%
1173,GnuGo3.8_mc,1857,27,27,1940,30%,2137,3%
1174,Odin_0.9.3_100k,1847,22,22,1738,48%,1869,2%
1175,SmallBrain-04,1839,68,68,259,39%,2178,2%
1176,net_3k,1838,16,16,2837,55%,1891,3%
1177,net_1k,1836,15,15,3075,57%,1852,4%
1178,TejavaT99,1836,106,106,101,31%,2079,3%
1179,net_2k,1834,14,14,3427,57%,1842,3%
1180,Tarte_A-0.0,1829,156,156,100,18%,2345,1%
1181,O_1.2.7_1TY,1829,114,114,104,33%,2061,2%
1182,Odin_1.2.5_1T,1826,59,59,427,41%,1978,0%
1183,Samaritan_Go,1819,55,55,597,40%,2056,2%
1184,gnugo_1,1818,114,114,105,41%,2155,2%
1185,net_4k,1812,14,14,3424,57%,1816,3%
1186,net_7k,1804,13,13,3566,56%,1811,4%
1187,gnugo_10,1803,122,122,100,41%,2171,3%
1188,Gnugo-3.7.10-a1,1800,3,3,334955,33%,2105,1%
1189,NNO_KP3S3_24,1799,108,108,121,36%,2108,2%
1190,rn.6.2.5b-27-p10k,1797,80,80,246,39%,1997,1%
1191,gnugo_lv5,1796,24,24,2274,43%,1968,2%
1192,rans,1792,96,96,119,18%,2280,1%
1193,gnugo_lv1,1779,24,24,2275,43%,1955,2%
1194,Odin_1.1.8_5K_N1,1779,40,40,569,40%,1846,3%
1195,net_6k,1779,13,13,3509,55%,1787,3%
1196,net_8k,1778,13,13,3515,55%,1789,3%
1197,Odin_1.2.10_1T,1777,78,78,236,32%,2132,1%
1198,AyaBot,1777,43,43,414,38%,1902,2%
1199,Odin_1.0.3_1K,1763,37,37,786,36%,1900,2%
1200,net_5k,1759,13,13,3505,53%,1789,3%
1201,Odin_0.9.2_100k,1758,37,37,589,42%,1870,2%
1202,net_9k,1737,13,13,3517,53%,1743,4%
1203,SmallBrain-03,1736,43,43,499,47%,1925,2%
1204,Odin_1.2.4_1T,1731,57,57,377,33%,1994,0%
1205,DeepEsper_5.0.0,1725,58,58,297,40%,1917,1%
1206,thomas666,1718,51,51,503,37%,1998,2%
1207,Aya783a_50,1717,3,3,162684,31%,2073,1%
1208,net_10k,1703,13,13,3411,50%,1717,3%
1209,lg_10b_01_po400,1702,156,156,101,13%,2309,0%
1210,mojako1.6_r1,1696,51,51,432,39%,1951,0%
1211,net_12k,1690,13,13,3391,48%,1720,3%
1212,Odin_0.9.1_100k,1689,21,21,1577,30%,1939,3%
1213,mojako1.6,1688,27,27,1441,40%,1980,2%
1214,net_11k,1681,15,15,2776,46%,1759,3%
1215,zzzz,1679,103,103,133,30%,2091,2%
1216,NNOdin_0.13.0_D,1678,45,45,403,29%,1947,4%
1217,rann,1677,100,100,123,15%,2277,0%
1218,mojako1.5,1674,42,42,561,37%,1987,2%
1219,net_13k,1673,15,15,2740,47%,1735,3%
1220,mojako1.4,1669,39,39,691,36%,2029,2%
1221,SmallBrain-02,1668,32,32,1003,43%,1936,2%
1222,Fenrir_0.3.2b,1660,79,79,173,40%,2035,1%
1223,go11_10k,1656,19,19,3715,34%,1961,2%
1224,Fenrir_0.3.1b,1656,55,55,408,40%,1968,0%
1225,Odin_0.8.7_100k,1655,33,33,787,34%,1915,2%
1226,Odin_1.2.3_1T,1649,68,68,309,29%,2011,0%
1227,Fenrir_0.3.2,1646,72,72,313,35%,2077,0%
1228,Fuego-2023-100sim,1628,15,15,4568,34%,1838,1%
1229,DeepEsper_3.0.1,1625,12,12,6231,42%,1783,3%
1230,budgie-5k-03acae2,1623,114,114,198,43%,1899,1%
1231,Fenrir_0.3.1,1609,46,46,650,36%,1974,0%
1232,mojako1.7,1608,84,84,174,36%,1905,1%
1233,SmallBrain-01,1600,44,44,515,37%,1901,2%
1234,Odin_0.9.0_100k,1599,47,47,415,17%,2085,1%
1235,net_14k,1595,14,14,3395,42%,1646,3%
1236,mojako1.4-r1,1589,73,73,208,24%,2122,1%
1237,mojako1.3,1579,57,57,293,40%,1900,3%
1238,net_15k,1566,16,16,2692,40%,1669,2%
1239,budgie-5k-9aa833b,1562,30,30,2251,43%,1856,1%
1240,mojako1.2,1559,39,39,632,46%,1798,1%
1241,Fenrir_0.2.4,1552,30,30,1305,34%,1938,0%
1242,amigo,1542,97,97,114,38%,1804,1%
1243,go11test,1528,42,42,814,30%,1992,1%
1244,net_16k,1515,15,15,3316,37%,1599,3%
1245,mojako1,1511,62,62,363,34%,2013,2%
1246,Fenrir_0.2.3,1510,48,48,378,38%,1840,0%
1247,Aya1PO6,1510,21,21,2077,30%,1784,2%
1248,mojako1.1,1504,42,42,579,38%,1863,2%
1249,Fenrir_0.2.2,1492,38,38,954,33%,1974,1%
1250,DeepEsper_3.0.0,1490,21,21,2233,38%,1734,1%
1251,SocratiGo-0.1a-12,1485,54,54,499,39%,1748,1%
1252,NubbyBot,1481,33,33,1006,36%,1723,1%
1253,Fenrir_0.2.7.1,1475,68,68,152,42%,1641,1%
1254,Odin_0.8.5_100k,1462,42,42,655,12%,1945,0%
1255,vnb_3_500v,1455,104,104,119,31%,1936,1%
1256,Odin_0.8.6_100k,1452,61,61,313,12%,1931,0%
1257,net_18k,1442,16,16,3328,35%,1551,2%
1258,SmallBrain-00,1430,90,90,157,25%,1882,0%
1259,pureMcUctRave_1k,1422,32,32,838,27%,1728,1%
1260,vnb_1_1500v,1418,92,92,175,24%,2049,0%
1261,net_17k,1410,17,17,3245,35%,1518,2%
1262,SocratiGo-dev,1407,43,43,884,37%,1694,1%
1263,Odin_0.8.3_100k,1389,44,44,507,18%,1806,0%
1264,Aya1PO,1358,26,26,1191,28%,1657,1%
1265,amybot-beginner-v1,1354,19,19,3710,25%,1854,0%
1266,Odin_0.8.1_100k,1304,38,38,1033,10%,1899,2%
1267,pureUctRave_1k,1300,42,42,619,12%,1701,3%
1268,TangGo-1.0,1296,35,35,1116,29%,1988,1%
1269,DBaduck89138d0RPI4,1243,23,23,2267,15%,1858,1%
1270,DellaBaduck344ad8f,1234,59,59,254,24%,1568,2%
1271,DellaBaduck78c43d8,1213,64,64,247,19%,1609,1%
1272,stop-0.9-002,1193,4,4,42446,43%,1448,0%
1273,DellaBaduckcaff1a4,1185,87,87,126,20%,1539,2%
1274,Stop-0.9-005,1148,3,3,286311,6%,2084,0%
1275,DBaduck98f51f7RPI4,1057,114,114,153,6%,1639,1%
1276,DBaducke4c7096RPI4,1050,37,37,1574,6%,1670,1%
1277,DBaduck344ad8fRPI4,1041,105,105,150,8%,1573,0%
1278,DBaduck316bc5cRPI4,1036,65,65,374,9%,1598,1%
1279,DBaducke6309b5RPI4,1036,139,139,127,4%,1650,1%
1280,amigogtp-1.8,982,55,55,3675,2%,2042,0%
1281,pureMcUctRave_100,950,88,88,164,11%,1479,0%
1282,Fenrir_0.1.1,932,38,38,1237,11%,1829,1%
1283,DBaducke90fa51RPI4,906,175,175,168,1%,1663,1%
1284,DBaduck90f6319RPI4,845,134,134,218,2%,1578,1%
1285,mimigo,792,146,146,344,2%,2141,0%
1286,DeepEsper10,675,157,157,187,4%,1578,0%
1287,mimigo_a3,659,182,182,190,1%,1962,1%
1288,DBaduck0d8d5eeRPI4,655,330,330,233,0%,1703,0%
1289,DBaduck1d66363RPI4,618,77,77,2740,1%,1848,0%
1290,DellaBaduckf6497eb,617,327,327,307,0%,1679,0%
1291,DBaduck310d1a3RPI4,563,187,187,547,0%,1590,0%
1292,mimigo_a6,497,245,245,221,0%,1818,0%
1293,DunceBot,497,134,134,683,1%,1574,0%
1294,DBaduck358fbfaRPI4,447,147,147,820,2%,1961,0%
1295,Fenrir_0.0.1_R,442,154,154,407,1%,1822,0%
1296,daffybaduck,435,97,97,984,4%,1801,0%
1297,DBaduck25d1d51RPI4,185,226,226,1796,0%,1589,0%
1298,dellabaduck,164,240,240,884,0%,1573,0%
