iteration,loss
0,1.029296875
100,0.94580078125
200,0.921875
300,0.9111328125
400,0.904296875
500,0.90283203125
600,0.888671875
700,0.8955078125
800,0.90380859375
900,0.8974609375
1000,0.89306640625
1100,0.89306640625
1200,0.88525390625
1300,0.87890625
1400,0.88671875
1500,0.87890625
1600,0.86376953125
1700,0.8642578125
1800,0.86328125
1900,0.86962890625
2000,0.85791015625
2100,0.875
2200,0.85791015625
2300,0.85009765625
2400,0.84765625
2500,0.85986328125
2600,0.84765625
2700,0.84814453125
2800,0.8349609375
2900,0.8515625
3000,0.833984375
3100,0.84716796875
3200,0.83154296875
3300,0.83740234375
3400,0.837890625
3500,0.8212890625
3600,0.8251953125
3700,0.82275390625
3800,0.83203125
3900,0.81640625
4000,0.818359375
4100,0.798828125
4200,0.8173828125
4300,0.81005859375
4400,0.79638671875
4500,0.81982421875
4600,0.79931640625
4700,0.8056640625
4800,0.798828125
4900,0.79736328125
5000,0.77197265625
5100,0.79638671875
5200,0.7890625
5300,0.7861328125
5400,0.79296875
5500,0.7783203125
5600,0.77392578125
5700,0.77587890625
5800,0.77587890625
5900,0.771484375
6000,0.77978515625
6100,0.77490234375
6200,0.77294921875
6300,0.7705078125
6400,0.77587890625
6500,0.7724609375
6600,0.75048828125
6700,0.7578125
6800,0.74462890625
6900,0.7392578125
7000,0.74267578125
7100,0.75244140625
7200,0.74560546875
7300,0.744140625
7400,0.74072265625
7500,0.74365234375
7600,0.72607421875
7700,0.73095703125
7800,0.7294921875
7900,0.72216796875
8000,0.7216796875
8100,0.708984375
8200,0.72119140625
8300,0.71923828125
8400,0.703125
8500,0.7197265625
8600,0.72021484375
8700,0.724609375
8800,0.7060546875
8900,0.705078125
9000,0.71484375
9100,0.71435546875
9200,0.7041015625
9300,0.69384765625
9400,0.6962890625
9500,0.70751953125
9600,0.7060546875
9700,0.67138671875
9800,0.697265625
9900,0.673828125
10000,0.689453125
10100,0.6943359375
10200,0.67529296875
10300,0.69384765625
10400,0.6728515625
10500,0.6806640625
10600,0.67724609375
10700,0.6728515625
10800,0.66748046875
10900,0.6611328125
11000,0.6552734375
11100,0.671875
11200,0.67822265625
11300,0.669921875
11400,0.67138671875
11500,0.65673828125
11600,0.6708984375
11700,0.6552734375
11800,0.650390625
11900,0.67333984375
12000,0.65380859375
12100,0.6533203125
12200,0.6533203125
12300,0.6298828125
12400,0.6396484375
12500,0.654296875
12600,0.64892578125
12700,0.64453125
12800,0.6416015625
12900,0.63427734375
13000,0.63427734375
13100,0.62353515625
13200,0.63916015625
13300,0.61328125
13400,0.62060546875
13500,0.64306640625
13600,0.63330078125
13700,0.6357421875
13800,0.6181640625
13900,0.6220703125
14000,0.61328125
14100,0.60546875
14200,0.623046875
14300,0.61767578125
14400,0.61962890625
14500,0.5986328125
14600,0.59912109375
14700,0.61083984375
14800,0.615234375
14900,0.6015625
15000,0.6220703125
15100,0.60693359375
15200,0.6083984375
15300,0.59912109375
15400,0.609375
15500,0.5859375
15600,0.6064453125
15700,0.583984375
15800,0.59716796875
15900,0.57763671875
16000,0.6044921875
16100,0.5869140625
16200,0.578125
16300,0.60107421875
16400,0.58935546875
16500,0.5859375
16600,0.58349609375
16700,0.576171875
16800,0.5693359375
16900,0.58447265625
17000,0.57958984375
17100,0.58642578125
17200,0.57763671875
17300,0.58642578125
17400,0.57275390625
17500,0.57861328125
17600,0.57470703125
17700,0.56494140625
17800,0.57470703125
17900,0.56640625
18000,0.5791015625
18100,0.5634765625
18200,0.5595703125
18300,0.56298828125
18400,0.5732421875
18500,0.546875
18600,0.55517578125
18700,0.5595703125
18800,0.556640625
18900,0.5517578125
19000,0.5478515625
19100,0.56298828125
19200,0.5458984375
19300,0.5537109375
19400,0.546875
19500,0.55615234375
19600,0.548828125
19700,0.54833984375
19800,0.546875
19900,0.5390625
20000,0.552734375
20100,0.53564453125
20200,0.5556640625
20300,0.53564453125
20400,0.53125
20500,0.53173828125
20600,0.521484375
20700,0.53564453125
20800,0.5205078125
20900,0.53466796875
21000,0.53076171875
21100,0.5302734375
21200,0.52685546875
21300,0.5224609375
21400,0.52197265625
21500,0.5087890625
21600,0.52685546875
21700,0.52978515625
21800,0.5166015625
21900,0.5244140625
22000,0.5224609375
22100,0.51513671875
22200,0.515625
22300,0.51953125
22400,0.53662109375
22500,0.50146484375
22600,0.52294921875
22700,0.494384765625
22800,0.51513671875
22900,0.4912109375
23000,0.49755859375
23100,0.5087890625
23200,0.5068359375
23300,0.5009765625
23400,0.50244140625
23500,0.50439453125
23600,0.48681640625
23700,0.487060546875
23800,0.4853515625
23900,0.50390625
24000,0.46435546875
24100,0.480224609375
24200,0.49951171875
24300,0.47265625
24400,0.47705078125
24500,0.484130859375
24600,0.4716796875
24700,0.463623046875
24800,0.475830078125
24900,0.475341796875
25000,0.4755859375
25100,0.46044921875
25200,0.465576171875
25300,0.47802734375
25400,0.45751953125
25500,0.48291015625
25600,0.4501953125
25700,0.46630859375
25800,0.47314453125
25900,0.45947265625
26000,0.447509765625
26100,0.44677734375
26200,0.464599609375
26300,0.4794921875
26400,0.458984375
26500,0.471923828125
26600,0.467529296875
26700,0.458251953125
26800,0.44921875
26900,0.43798828125
27000,0.447021484375
27100,0.45361328125
27200,0.4541015625
27300,0.437255859375
27400,0.4384765625
27500,0.4326171875
27600,0.452880859375
27700,0.454345703125
27800,0.444091796875
27900,0.453369140625
28000,0.426025390625
28100,0.434814453125
28200,0.419921875
28300,0.422607421875
28400,0.425537109375
28500,0.427001953125
28600,0.433837890625
28700,0.43994140625
28800,0.426513671875
28900,0.431396484375
29000,0.434814453125
29100,0.421875
29200,0.43115234375
29300,0.410400390625
29400,0.427490234375
29500,0.427734375
29600,0.43115234375
29700,0.437744140625
29800,0.437744140625
29900,0.422119140625
30000,0.421142578125
30100,0.41064453125
30200,0.399658203125
30300,0.407470703125
30400,0.41455078125
30500,0.42529296875
30600,0.414794921875
30700,0.4130859375
30800,0.42626953125
30900,0.420654296875
31000,0.39501953125
31100,0.412109375
31200,0.39892578125
31300,0.394287109375
31400,0.399169921875
31500,0.404052734375
31600,0.40087890625
31700,0.411865234375
31800,0.380615234375
31900,0.412353515625
32000,0.39697265625
32100,0.403076171875
32200,0.400390625
32300,0.401123046875
32400,0.386474609375
32500,0.410888671875
32600,0.391845703125
32700,0.40673828125
32800,0.40478515625
32900,0.3857421875
33000,0.39306640625
33100,0.392333984375
33200,0.38671875
33300,0.39453125
33400,0.386474609375
33500,0.399169921875
33600,0.37353515625
33700,0.399169921875
33800,0.38134765625
33900,0.390625
34000,0.390380859375
34100,0.385986328125
34200,0.393798828125
34300,0.372314453125
34400,0.380615234375
34500,0.370849609375
34600,0.399169921875
34700,0.375732421875
34800,0.39453125
34900,0.381103515625
35000,0.380126953125
35100,0.38037109375
35200,0.381591796875
35300,0.395751953125
35400,0.38330078125
35500,0.38623046875
35600,0.372314453125
35700,0.373779296875
35800,0.374267578125
35900,0.383056640625
36000,0.381591796875
36100,0.378173828125
36200,0.37939453125
36300,0.37109375
36400,0.385009765625
36500,0.362548828125
36600,0.374755859375
36700,0.366943359375
36800,0.361328125
36900,0.3759765625
37000,0.3740234375
37100,0.375
37200,0.36083984375
37300,0.365478515625
37400,0.361328125
37500,0.379638671875
37600,0.373291015625
37700,0.352783203125
37800,0.37158203125
37900,0.35498046875
38000,0.36474609375
38100,0.378662109375
38200,0.36669921875
38300,0.37939453125
38400,0.371826171875
38500,0.3759765625
38600,0.376220703125
38700,0.36474609375
38800,0.368408203125
38900,0.366455078125
39000,0.38330078125
39100,0.355712890625
39200,0.365234375
39300,0.362060546875
39400,0.36669921875
39500,0.351318359375
39600,0.35546875
39700,0.373046875
39800,0.362548828125
39900,0.379150390625
40000,0.36572265625
40100,0.36083984375
40200,0.34765625
40300,0.365234375
40400,0.367919921875
40500,0.36767578125
40600,0.37109375
40700,0.36376953125
40800,0.34326171875
40900,0.3759765625
41000,0.369384765625
41100,0.36767578125
41200,0.37353515625
41300,0.3515625
41400,0.363037109375
41500,0.359130859375
41600,0.3525390625
41700,0.355224609375
41800,0.361572265625
41900,0.3505859375
42000,0.364013671875
42100,0.357177734375
42200,0.363525390625
42300,0.353759765625
42400,0.363525390625
42500,0.34765625
42600,0.34326171875
42700,0.362548828125
42800,0.349609375
42900,0.3564453125
43000,0.354736328125
43100,0.35595703125
43200,0.34619140625
43300,0.349853515625
43400,0.3603515625
43500,0.35546875
43600,0.357666015625
43700,0.35400390625
43800,0.34521484375
43900,0.34619140625
44000,0.34326171875
44100,0.350830078125
44200,0.342041015625
44300,0.36083984375
44400,0.345947265625
44500,0.350341796875
44600,0.353271484375
44700,0.3359375
44800,0.35107421875
44900,0.33984375
45000,0.34716796875
45100,0.348388671875
45200,0.34423828125
45300,0.3515625
45400,0.35205078125
45500,0.344970703125
45600,0.3408203125
45700,0.360595703125
45800,0.349853515625
45900,0.333984375
46000,0.3427734375
46100,0.32666015625
46200,0.3515625
46300,0.33056640625
46400,0.32958984375
46500,0.34765625
46600,0.354736328125
46700,0.338623046875
46800,0.347900390625
46900,0.33935546875
47000,0.3232421875
47100,0.343505859375
47200,0.333984375
47300,0.33740234375
47400,0.31201171875
47500,0.318603515625
47600,0.336669921875
47700,0.334228515625
47800,0.331787109375
47900,0.322021484375
48000,0.327880859375
48100,0.330078125
48200,0.326416015625
48300,0.330078125
48400,0.33056640625
48500,0.320556640625
48600,0.32080078125
48700,0.327880859375
48800,0.3115234375
48900,0.348388671875
49000,0.320068359375
49100,0.329833984375
49200,0.32958984375
49300,0.33154296875
49400,0.31787109375
49500,0.32470703125
49600,0.33837890625
49700,0.330322265625
49800,0.334716796875
49900,0.3330078125
50000,0.33447265625
50100,0.321533203125
50200,0.326416015625
50300,0.319580078125
50400,0.317138671875
50500,0.327880859375
50600,0.318359375
50700,0.310546875
50800,0.3203125
50900,0.3125
51000,0.322998046875
51100,0.32275390625
51200,0.322998046875
51300,0.328857421875
51400,0.31884765625
51500,0.3173828125
51600,0.30517578125
51700,0.299072265625
51800,0.313232421875
51900,0.308349609375
52000,0.31640625
52100,0.31640625
52200,0.31884765625
52300,0.32275390625
52400,0.3193359375
52500,0.302490234375
52600,0.3271484375
52700,0.302978515625
52800,0.31103515625
52900,0.316650390625
53000,0.325439453125
53100,0.316650390625
53200,0.322265625
53300,0.31396484375
53400,0.31201171875
53500,0.301513671875
53600,0.293212890625
53700,0.305419921875
53800,0.319091796875
53900,0.31982421875
54000,0.31103515625
54100,0.31298828125
54200,0.324462890625
54300,0.307861328125
54400,0.30322265625
54500,0.31884765625
54600,0.31494140625
54700,0.298095703125
54800,0.30810546875
54900,0.30615234375
55000,0.29931640625
55100,0.3095703125
55200,0.29052734375
55300,0.3076171875
55400,0.3037109375
55500,0.3134765625
55600,0.30517578125
55700,0.3154296875
55800,0.297607421875
55900,0.306396484375
56000,0.30126953125
56100,0.298583984375
56200,0.310302734375
56300,0.30126953125
56400,0.290771484375
56500,0.287109375
56600,0.297119140625
56700,0.297607421875
56800,0.2978515625
56900,0.304931640625
57000,0.28369140625
57100,0.313232421875
57200,0.301025390625
57300,0.305908203125
57400,0.29541015625
57500,0.291259765625
57600,0.302734375
57700,0.28173828125
57800,0.297607421875
57900,0.293701171875
58000,0.29345703125
58100,0.291015625
58200,0.30615234375
58300,0.2958984375
58400,0.29296875
58500,0.294921875
58600,0.29443359375
58700,0.31884765625
58800,0.303466796875
58900,0.294677734375
59000,0.285400390625
59100,0.289306640625
59200,0.29248046875
59300,0.302734375
59400,0.2978515625
59500,0.300537109375
59600,0.296142578125
59700,0.2939453125
59800,0.30224609375
59900,0.284423828125
60000,0.303955078125
60100,0.278564453125
60200,0.285888671875
60300,0.290283203125
60400,0.28759765625
60500,0.300048828125
60600,0.2822265625
60700,0.298583984375
60800,0.273193359375
60900,0.29150390625
61000,0.298828125
61100,0.28466796875
61200,0.296142578125
61300,0.28955078125
61400,0.291015625
61500,0.296142578125
61600,0.29541015625
61700,0.302490234375
61800,0.292236328125
61900,0.30126953125
62000,0.288818359375
62100,0.28955078125
62200,0.289306640625
62300,0.2919921875
62400,0.31201171875
62500,0.286376953125
62600,0.281982421875
62700,0.2861328125
62800,0.287109375
62900,0.294921875
63000,0.286376953125
63100,0.302490234375
63200,0.2978515625
63300,0.2998046875
63400,0.289794921875
63500,0.288330078125
63600,0.27490234375
63700,0.293701171875
63800,0.2998046875
63900,0.282958984375
64000,0.30859375
64100,0.291748046875
64200,0.280029296875
64300,0.29931640625
64400,0.30029296875
64500,0.292236328125
64600,0.285888671875
64700,0.297119140625
64800,0.29296875
64900,0.288818359375
65000,0.28515625
65100,0.2958984375
65200,0.2978515625
65300,0.2978515625
65400,0.297607421875
65500,0.298583984375
65600,0.293212890625
65700,0.29345703125
65800,0.301025390625
65900,0.283447265625
66000,0.29150390625
66100,0.294677734375
66200,0.283935546875
66300,0.2841796875
66400,0.29638671875
66500,0.2890625
66600,0.2734375
66700,0.294189453125
66800,0.299072265625
66900,0.292724609375
67000,0.290283203125
67100,0.299560546875
67200,0.300537109375
67300,0.284912109375
67400,0.2783203125
67500,0.291748046875
67600,0.28173828125
67700,0.29296875
67800,0.2890625
67900,0.29296875
68000,0.286865234375
68100,0.276611328125
68200,0.296875
68300,0.2783203125
68400,0.283935546875
68500,0.281494140625
68600,0.2919921875
68700,0.28955078125
68800,0.297119140625
68900,0.273681640625
69000,0.28662109375
69100,0.297607421875
69200,0.2919921875
69300,0.28125
69400,0.28466796875
69500,0.27099609375
69600,0.288818359375
69700,0.283447265625
69800,0.26611328125
69900,0.289794921875
70000,0.310791015625
70100,0.26904296875
70200,0.29150390625
70300,0.281005859375
70400,0.278076171875
70500,0.29052734375
70600,0.283203125
70700,0.277587890625
70800,0.2685546875
70900,0.265625
71000,0.2744140625
71100,0.271484375
71200,0.281494140625
71300,0.27001953125
71400,0.282470703125
71500,0.269775390625
71600,0.27294921875
71700,0.27490234375
71800,0.28564453125
71900,0.275634765625
72000,0.268798828125
72100,0.286865234375
72200,0.287109375
72300,0.287841796875
72400,0.26708984375
72500,0.295654296875
72600,0.286376953125
72700,0.280029296875
72800,0.2783203125
72900,0.268310546875
73000,0.28515625
73100,0.28125
73200,0.281005859375
73300,0.276123046875
73400,0.288818359375
73500,0.26904296875
73600,0.271728515625
73700,0.269287109375
73800,0.265625
73900,0.2900390625
74000,0.268798828125
74100,0.267822265625
74200,0.2685546875
74300,0.27294921875
74400,0.275390625
74500,0.277587890625
74600,0.283935546875
74700,0.28271484375
74800,0.274169921875
74900,0.273193359375
75000,0.255126953125
75100,0.259521484375
75200,0.263916015625
75300,0.274169921875
75400,0.26953125
75500,0.27099609375
75600,0.274169921875
75700,0.277099609375
75800,0.26953125
75900,0.280029296875
76000,0.28271484375
76100,0.253173828125
76200,0.28125
76300,0.267333984375
76400,0.275146484375
76500,0.27197265625
76600,0.27099609375
76700,0.271728515625
76800,0.268310546875
76900,0.265625
77000,0.256103515625
77100,0.256103515625
77200,0.2666015625
77300,0.27880859375
77400,0.267578125
77500,0.261962890625
77600,0.279541015625
77700,0.27294921875
77800,0.2724609375
77900,0.272216796875
78000,0.273681640625
78100,0.257568359375
78200,0.259033203125
78300,0.25830078125
78400,0.2529296875
78500,0.2744140625
78600,0.247802734375
78700,0.270263671875
78800,0.26220703125
78900,0.265380859375
79000,0.269775390625
79100,0.278564453125
79200,0.26416015625
79300,0.26806640625
79400,0.271484375
79500,0.271240234375
79600,0.2666015625
79700,0.257080078125
79800,0.25537109375
79900,0.260498046875
80000,0.270263671875
80100,0.25927734375
80200,0.26123046875
80300,0.271484375
80400,0.2493896484375
80500,0.27099609375
80600,0.268310546875
80700,0.263671875
80800,0.257568359375
80900,0.250244140625
81000,0.255615234375
81100,0.258544921875
81200,0.259521484375
81300,0.26025390625
81400,0.258544921875
81500,0.2578125
81600,0.25390625
81700,0.252685546875
81800,0.263427734375
81900,0.260986328125
82000,0.26220703125
82100,0.276123046875
82200,0.268310546875
82300,0.264404296875
82400,0.256591796875
82500,0.259033203125
82600,0.26025390625
82700,0.2578125
82800,0.267578125
82900,0.26171875
83000,0.2509765625
83100,0.25537109375
83200,0.254150390625
83300,0.2491455078125
83400,0.260498046875
83500,0.265869140625
83600,0.252685546875
83700,0.263671875
83800,0.26416015625
83900,0.259033203125
84000,0.25830078125
84100,0.260986328125
84200,0.2386474609375
84300,0.264404296875
84400,0.2646484375
84500,0.25732421875
84600,0.2493896484375
84700,0.258056640625
84800,0.2568359375
84900,0.26806640625
85000,0.261474609375
85100,0.27880859375
85200,0.263671875
85300,0.270263671875
85400,0.2578125
85500,0.275146484375
85600,0.261474609375
85700,0.257568359375
85800,0.2802734375
85900,0.260498046875
86000,0.25341796875
86100,0.257568359375
86200,0.2548828125
86300,0.2415771484375
86400,0.261962890625
86500,0.260009765625
86600,0.254150390625
86700,0.267333984375
86800,0.250244140625
86900,0.248291015625
87000,0.2457275390625
87100,0.257568359375
87200,0.25390625
87300,0.256103515625
87400,0.278564453125
87500,0.2568359375
87600,0.25390625
87700,0.270751953125
87800,0.25634765625
87900,0.2587890625
88000,0.265869140625
88100,0.278076171875
88200,0.2646484375
88300,0.255126953125
88400,0.252685546875
88500,0.25927734375
88600,0.271484375
88700,0.274169921875
88800,0.263916015625
88900,0.261962890625
89000,0.263671875
89100,0.266845703125
89200,0.26220703125
89300,0.260498046875
89400,0.26318359375
89500,0.27294921875
89600,0.259033203125
89700,0.254150390625
89800,0.25537109375
89900,0.26220703125
90000,0.2462158203125
90100,0.25244140625
90200,0.266845703125
90300,0.267578125
90400,0.260009765625
90500,0.260009765625
90600,0.25830078125
90700,0.25927734375
90800,0.247802734375
90900,0.2587890625
91000,0.251220703125
91100,0.259765625
91200,0.2607421875
91300,0.268798828125
91400,0.256103515625
91500,0.256103515625
91600,0.255859375
91700,0.2437744140625
91800,0.259033203125
91900,0.26318359375
92000,0.26318359375
92100,0.2666015625
92200,0.264404296875
92300,0.2457275390625
92400,0.26416015625
92500,0.266357421875
92600,0.259521484375
92700,0.258544921875
92800,0.258544921875
92900,0.261962890625
93000,0.248779296875
93100,0.241455078125
93200,0.2462158203125
93300,0.255126953125
93400,0.264404296875
93500,0.256103515625
93600,0.262939453125
93700,0.25048828125
93800,0.2587890625
93900,0.259765625
94000,0.255615234375
94100,0.25927734375
94200,0.236328125
94300,0.248046875
94400,0.25390625
94500,0.25244140625
94600,0.25927734375
94700,0.2425537109375
94800,0.255126953125
94900,0.255126953125
95000,0.2491455078125
95100,0.269287109375
95200,0.272705078125
95300,0.2384033203125
95400,0.242431640625
95500,0.25732421875
95600,0.257080078125
95700,0.25
95800,0.235107421875
95900,0.2705078125
96000,0.2437744140625
96100,0.2481689453125
96200,0.25634765625
96300,0.2418212890625
96400,0.266845703125
96500,0.259765625
96600,0.265869140625
96700,0.251953125
96800,0.25634765625
96900,0.251220703125
97000,0.250244140625
97100,0.2430419921875
97200,0.25146484375
97300,0.261474609375
97400,0.247802734375
97500,0.2464599609375
97600,0.2449951171875
97700,0.254150390625
97800,0.250732421875
97900,0.2386474609375
98000,0.26513671875
98100,0.2626953125
98200,0.2498779296875
98300,0.256591796875
98400,0.236572265625
98500,0.243896484375
98600,0.24462890625
98700,0.240478515625
98800,0.2452392578125
98900,0.2486572265625
99000,0.2489013671875
99100,0.24755859375
99200,0.250244140625
99300,0.263671875
99400,0.256591796875
99500,0.2325439453125
99600,0.259033203125
99700,0.2490234375
99800,0.244873046875
99900,0.25048828125
100000,0.263916015625
100100,0.239990234375
100200,0.2412109375
100300,0.2418212890625
100400,0.239501953125
100500,0.2437744140625
100600,0.24853515625
100700,0.257568359375
100800,0.24658203125
100900,0.2474365234375
101000,0.25830078125
101100,0.2435302734375
101200,0.2362060546875
101300,0.240478515625
101400,0.247802734375
101500,0.2464599609375
101600,0.232177734375
101700,0.24072265625
101800,0.248779296875
101900,0.2344970703125
102000,0.231201171875
102100,0.249755859375
102200,0.252197265625
102300,0.245849609375
102400,0.25146484375
102500,0.2437744140625
102600,0.24462890625
102700,0.2335205078125
102800,0.2467041015625
102900,0.251708984375
103000,0.2373046875
103100,0.25732421875
103200,0.2347412109375
103300,0.2401123046875
103400,0.2445068359375
103500,0.2479248046875
103600,0.2479248046875
103700,0.2454833984375
103800,0.2410888671875
103900,0.25439453125
104000,0.2421875
104100,0.24853515625
104200,0.2333984375
104300,0.224365234375
104400,0.2366943359375
104500,0.2447509765625
104600,0.2445068359375
104700,0.243408203125
104800,0.231689453125
104900,0.244873046875
105000,0.2347412109375
105100,0.236083984375
105200,0.2298583984375
105300,0.248046875
105400,0.24658203125
105500,0.2529296875
105600,0.25048828125
105700,0.2464599609375
105800,0.247314453125
105900,0.230712890625
106000,0.25048828125
106100,0.2396240234375
106200,0.251220703125
106300,0.2462158203125
106400,0.2366943359375
106500,0.24169921875
106600,0.241455078125
106700,0.2357177734375
106800,0.250244140625
106900,0.25
107000,0.2401123046875
107100,0.25439453125
107200,0.240234375
107300,0.2379150390625
107400,0.2410888671875
107500,0.237548828125
107600,0.2313232421875
107700,0.2469482421875
107800,0.2396240234375
107900,0.2452392578125
108000,0.2330322265625
108100,0.2498779296875
108200,0.2384033203125
108300,0.2454833984375
108400,0.2369384765625
108500,0.25830078125
108600,0.2408447265625
108700,0.245849609375
108800,0.243408203125
108900,0.25048828125
109000,0.2381591796875
109100,0.2437744140625
109200,0.2548828125
109300,0.2337646484375
109400,0.2366943359375
109500,0.2398681640625
109600,0.2373046875
109700,0.2269287109375
109800,0.2435302734375
109900,0.2452392578125
110000,0.250244140625
110100,0.2418212890625
110200,0.24267578125
110300,0.242919921875
110400,0.23681640625
110500,0.2467041015625
110600,0.2371826171875
110700,0.2327880859375
110800,0.25634765625
110900,0.242919921875
111000,0.23828125
111100,0.2578125
111200,0.240478515625
111300,0.2413330078125
111400,0.25244140625
111500,0.25244140625
111600,0.2371826171875
111700,0.24169921875
111800,0.23681640625
111900,0.2459716796875
112000,0.2529296875
112100,0.244140625
112200,0.2490234375
112300,0.2379150390625
112400,0.252685546875
112500,0.2435302734375
112600,0.250244140625
112700,0.2403564453125
112800,0.240966796875
112900,0.2432861328125
113000,0.23681640625
113100,0.2427978515625
113200,0.232666015625
113300,0.2415771484375
113400,0.2310791015625
113500,0.26025390625
113600,0.2479248046875
113700,0.235595703125
113800,0.2457275390625
113900,0.2415771484375
114000,0.2421875
114100,0.2430419921875
114200,0.231689453125
114300,0.231689453125
114400,0.233642578125
114500,0.24267578125
114600,0.253173828125
114700,0.2464599609375
114800,0.239013671875
114900,0.2462158203125
115000,0.2261962890625
115100,0.2283935546875
115200,0.23193359375
115300,0.2454833984375
115400,0.2435302734375
115500,0.2457275390625
115600,0.246337890625
115700,0.2242431640625
115800,0.241943359375
115900,0.2408447265625
116000,0.23779296875
116100,0.238525390625
116200,0.236572265625
116300,0.2296142578125
116400,0.22998046875
116500,0.2396240234375
116600,0.2313232421875
116700,0.2496337890625
116800,0.2418212890625
116900,0.2369384765625
117000,0.2474365234375
117100,0.2252197265625
117200,0.236083984375
117300,0.2454833984375
117400,0.25537109375
117500,0.23583984375
117600,0.2296142578125
117700,0.22705078125
117800,0.2412109375
117900,0.228515625
118000,0.2435302734375
118100,0.2393798828125
118200,0.24267578125
118300,0.2301025390625
118400,0.241943359375
118500,0.2484130859375
118600,0.2509765625
118700,0.22607421875
118800,0.2410888671875
118900,0.2412109375
119000,0.2408447265625
119100,0.238037109375
119200,0.2276611328125
119300,0.248046875
119400,0.2325439453125
119500,0.23291015625
119600,0.2308349609375
119700,0.23193359375
119800,0.2451171875
119900,0.247802734375
120000,0.25439453125
120100,0.235107421875
120200,0.2261962890625
120300,0.236083984375
120400,0.2366943359375
120500,0.235595703125
120600,0.2369384765625
120700,0.2467041015625
120800,0.2122802734375
120900,0.2320556640625
121000,0.236083984375
121100,0.2374267578125
121200,0.2374267578125
121300,0.229248046875
121400,0.242919921875
121500,0.244384765625
121600,0.2376708984375
121700,0.22900390625
121800,0.229248046875
121900,0.2235107421875
122000,0.2315673828125
122100,0.2265625
122200,0.2366943359375
122300,0.240234375
122400,0.2430419921875
122500,0.2432861328125
122600,0.22265625
122700,0.25537109375
122800,0.23388671875
122900,0.2266845703125
123000,0.2374267578125
123100,0.2452392578125
123200,0.23828125
123300,0.23486328125
123400,0.2427978515625
123500,0.2266845703125
123600,0.2392578125
123700,0.22607421875
123800,0.21728515625
123900,0.2215576171875
124000,0.2320556640625
124100,0.2470703125
124200,0.2314453125
124300,0.236572265625
124400,0.23779296875
124500,0.2342529296875
124600,0.2314453125
124700,0.23388671875
124800,0.2391357421875
124900,0.2371826171875
125000,0.2222900390625
125100,0.2183837890625
125200,0.2373046875
125300,0.2294921875
125400,0.2154541015625
125500,0.235595703125
125600,0.23486328125
125700,0.229248046875
125800,0.2391357421875
125900,0.2386474609375
126000,0.223876953125
126100,0.2271728515625
126200,0.2308349609375
126300,0.2440185546875
126400,0.216796875
126500,0.2335205078125
126600,0.22705078125
126700,0.229248046875
126800,0.225341796875
126900,0.2347412109375
127000,0.22802734375
127100,0.222412109375
127200,0.2353515625
127300,0.231201171875
127400,0.229248046875
127500,0.2344970703125
127600,0.21630859375
127700,0.2171630859375
127800,0.219970703125
127900,0.230712890625
128000,0.2196044921875
128100,0.232177734375
128200,0.21826171875
128300,0.2337646484375
128400,0.22021484375
128500,0.22216796875
128600,0.217529296875
128700,0.2271728515625
128800,0.232421875
128900,0.2318115234375
129000,0.2347412109375
129100,0.222412109375
129200,0.222412109375
129300,0.22900390625
129400,0.2261962890625
129500,0.22900390625
129600,0.2310791015625
129700,0.238037109375
129800,0.2117919921875
129900,0.23583984375
130000,0.22119140625
130100,0.223388671875
130200,0.2320556640625
130300,0.244873046875
130400,0.2236328125
130500,0.24658203125
130600,0.234375
130700,0.2288818359375
130800,0.2203369140625
130900,0.2266845703125
131000,0.229248046875
131100,0.23388671875
131200,0.2265625
131300,0.223876953125
131400,0.2274169921875
131500,0.2293701171875
131600,0.227783203125
131700,0.2396240234375
131800,0.228759765625
131900,0.2357177734375
132000,0.2275390625
132100,0.241943359375
132200,0.233154296875
132300,0.22802734375
132400,0.229736328125
132500,0.2379150390625
132600,0.2366943359375
132700,0.2232666015625
132800,0.2171630859375
132900,0.2318115234375
133000,0.221923828125
133100,0.2255859375
133200,0.2347412109375
133300,0.23291015625
133400,0.2291259765625
133500,0.2391357421875
133600,0.2335205078125
133700,0.2239990234375
133800,0.2305908203125
133900,0.2176513671875
134000,0.2344970703125
134100,0.2276611328125
134200,0.25048828125
134300,0.2218017578125
134400,0.229736328125
134500,0.2364501953125
134600,0.244140625
134700,0.224853515625
134800,0.2322998046875
134900,0.24169921875
135000,0.231201171875
135100,0.220947265625
135200,0.234619140625
135300,0.237548828125
135400,0.2432861328125
135500,0.2275390625
135600,0.230224609375
135700,0.2454833984375
135800,0.230224609375
135900,0.22900390625
136000,0.22802734375
136100,0.23046875
136200,0.2230224609375
136300,0.2288818359375
136400,0.2255859375
136500,0.224609375
136600,0.235107421875
136700,0.228515625
136800,0.2144775390625
136900,0.239990234375
137000,0.233154296875
137100,0.232666015625
137200,0.2388916015625
137300,0.2376708984375
137400,0.224609375
137500,0.245361328125
137600,0.2313232421875
137700,0.220458984375
137800,0.23486328125
137900,0.227783203125
138000,0.238525390625
138100,0.232666015625
138200,0.2216796875
138300,0.239501953125
138400,0.2166748046875
138500,0.2379150390625
138600,0.2288818359375
138700,0.2239990234375
138800,0.23876953125
138900,0.234130859375
139000,0.2281494140625
139100,0.2156982421875
139200,0.23876953125
139300,0.2265625
139400,0.22509765625
139500,0.2264404296875
139600,0.2220458984375
139700,0.2174072265625
139800,0.2169189453125
139900,0.2183837890625
140000,0.2230224609375
140100,0.2374267578125
140200,0.2313232421875
140300,0.2265625
140400,0.2359619140625
140500,0.2265625
140600,0.2291259765625
140700,0.2291259765625
140800,0.2349853515625
140900,0.212890625
141000,0.212890625
141100,0.22314453125
141200,0.224365234375
141300,0.22265625
141400,0.2291259765625
141500,0.2252197265625
141600,0.219970703125
141700,0.2247314453125
141800,0.2275390625
141900,0.236083984375
142000,0.2327880859375
142100,0.2113037109375
142200,0.2327880859375
142300,0.228515625
142400,0.232421875
142500,0.2197265625
142600,0.2218017578125
142700,0.234130859375
142800,0.228271484375
142900,0.216552734375
143000,0.2161865234375
143100,0.224853515625
143200,0.2332763671875
143300,0.23779296875
143400,0.242431640625
143500,0.2244873046875
143600,0.2135009765625
143700,0.2269287109375
143800,0.2142333984375
143900,0.2164306640625
144000,0.226318359375
144100,0.24267578125
144200,0.2069091796875
144300,0.2169189453125
144400,0.219482421875
144500,0.218505859375
144600,0.2274169921875
144700,0.2247314453125
144800,0.2430419921875
144900,0.22900390625
145000,0.218994140625
145100,0.2125244140625
145200,0.2176513671875
145300,0.2169189453125
145400,0.2220458984375
145500,0.22216796875
145600,0.227294921875
145700,0.233154296875
145800,0.2254638671875
145900,0.22314453125
146000,0.215576171875
146100,0.25146484375
146200,0.2222900390625
146300,0.2291259765625
146400,0.2249755859375
146500,0.2283935546875
146600,0.220947265625
146700,0.2259521484375
146800,0.2418212890625
146900,0.226806640625
147000,0.2252197265625
147100,0.2069091796875
147200,0.2132568359375
147300,0.2117919921875
147400,0.228515625
147500,0.224365234375
147600,0.2177734375
147700,0.22802734375
147800,0.2271728515625
147900,0.213623046875
148000,0.2109375
148100,0.2242431640625
148200,0.209228515625
148300,0.2200927734375
148400,0.2137451171875
148500,0.2139892578125
148600,0.210693359375
148700,0.2144775390625
148800,0.2181396484375
148900,0.2242431640625
149000,0.2305908203125
149100,0.2210693359375
149200,0.22607421875
149300,0.2264404296875
149400,0.22705078125
149500,0.21826171875
149600,0.2275390625
149700,0.2236328125
149800,0.208251953125
149900,0.215087890625
150000,0.2147216796875
150100,0.2261962890625
150200,0.210205078125
150300,0.2193603515625
150400,0.2254638671875
150500,0.2113037109375
150600,0.233642578125
150700,0.226318359375
150800,0.2156982421875
150900,0.2266845703125
151000,0.2039794921875
151100,0.214111328125
151200,0.2086181640625
151300,0.2139892578125
151400,0.2181396484375
151500,0.2200927734375
151600,0.2117919921875
151700,0.228271484375
151800,0.210205078125
151900,0.2222900390625
152000,0.2086181640625
152100,0.2191162109375
152200,0.2261962890625
152300,0.223388671875
152400,0.2205810546875
152500,0.219482421875
152600,0.2120361328125
152700,0.2176513671875
152800,0.21826171875
152900,0.2236328125
153000,0.2127685546875
153100,0.2271728515625
153200,0.2052001953125
153300,0.233642578125
153400,0.20849609375
153500,0.2281494140625
153600,0.221435546875
153700,0.223388671875
153800,0.2325439453125
153900,0.223388671875
154000,0.2225341796875
154100,0.212646484375
154200,0.2193603515625
154300,0.2071533203125
154400,0.21728515625
154500,0.214599609375
154600,0.2191162109375
154700,0.2164306640625
154800,0.2117919921875
154900,0.21875
155000,0.21923828125
155100,0.2249755859375
155200,0.220458984375
155300,0.2330322265625
155400,0.2154541015625
155500,0.2205810546875
155600,0.227783203125
155700,0.2205810546875
155800,0.2220458984375
155900,0.2447509765625
156000,0.2225341796875
156100,0.224853515625
156200,0.2110595703125
156300,0.2188720703125
156400,0.21923828125
156500,0.2135009765625
156600,0.2205810546875
156700,0.22509765625
156800,0.22314453125
156900,0.2261962890625
157000,0.2188720703125
157100,0.21484375
157200,0.2110595703125
157300,0.207275390625
157400,0.222900390625
157500,0.2281494140625
157600,0.2291259765625
157700,0.2110595703125
157800,0.2303466796875
157900,0.2305908203125
158000,0.2301025390625
158100,0.2208251953125
158200,0.2197265625
158300,0.2230224609375
158400,0.215576171875
158500,0.2177734375
158600,0.2271728515625
158700,0.2239990234375
158800,0.2279052734375
158900,0.22705078125
159000,0.2236328125
159100,0.2265625
159200,0.218017578125
159300,0.2301025390625
159400,0.2203369140625
159500,0.2137451171875
159600,0.222412109375
159700,0.2222900390625
159800,0.2230224609375
159900,0.210693359375
160000,0.2222900390625
160100,0.2105712890625
160200,0.205810546875
160300,0.229736328125
160400,0.2186279296875
160500,0.21728515625
160600,0.229248046875
160700,0.2242431640625
160800,0.2265625
160900,0.21875
161000,0.2130126953125
161100,0.2166748046875
161200,0.2239990234375
161300,0.2249755859375
161400,0.2225341796875
161500,0.2225341796875
161600,0.2156982421875
161700,0.2177734375
161800,0.2244873046875
161900,0.2008056640625
162000,0.2265625
162100,0.222900390625
162200,0.2291259765625
162300,0.2276611328125
162400,0.21875
162500,0.2066650390625
162600,0.2254638671875
162700,0.22119140625
162800,0.2218017578125
162900,0.2191162109375
163000,0.219482421875
163100,0.2158203125
163200,0.2052001953125
163300,0.20751953125
163400,0.2222900390625
163500,0.2225341796875
163600,0.2174072265625
163700,0.21826171875
163800,0.2242431640625
163900,0.2142333984375
164000,0.2193603515625
164100,0.21533203125
164200,0.2269287109375
164300,0.2047119140625
164400,0.2049560546875
164500,0.2230224609375
164600,0.2188720703125
164700,0.216552734375
164800,0.21728515625
164900,0.22021484375
165000,0.2164306640625
165100,0.2176513671875
165200,0.22607421875
165300,0.222900390625
165400,0.2174072265625
165500,0.1951904296875
165600,0.2109375
165700,0.21923828125
165800,0.220458984375
165900,0.2054443359375
166000,0.220703125
166100,0.2294921875
166200,0.21240234375
166300,0.2191162109375
166400,0.2032470703125
166500,0.228759765625
166600,0.2291259765625
166700,0.2216796875
166800,0.2327880859375
166900,0.214111328125
167000,0.2003173828125
167100,0.2198486328125
167200,0.197998046875
167300,0.212646484375
167400,0.2237548828125
167500,0.2220458984375
167600,0.205078125
167700,0.2139892578125
167800,0.2109375
167900,0.218017578125
168000,0.2130126953125
168100,0.2119140625
168200,0.2325439453125
168300,0.2166748046875
168400,0.215087890625
168500,0.2032470703125
168600,0.218505859375
168700,0.2098388671875
168800,0.2137451171875
168900,0.2137451171875
169000,0.2098388671875
169100,0.2216796875
169200,0.221923828125
169300,0.211181640625
169400,0.208740234375
169500,0.2425537109375
169600,0.2149658203125
169700,0.219482421875
169800,0.2137451171875
169900,0.2197265625
170000,0.213134765625
170100,0.2156982421875
170200,0.226318359375
170300,0.2109375
170400,0.2080078125
170500,0.1981201171875
170600,0.209716796875
170700,0.2103271484375
170800,0.21533203125
170900,0.2208251953125
171000,0.2093505859375
171100,0.2177734375
171200,0.2161865234375
171300,0.2027587890625
171400,0.2186279296875
171500,0.210693359375
171600,0.2130126953125
171700,0.20751953125
171800,0.2144775390625
171900,0.2032470703125
172000,0.2122802734375
172100,0.2032470703125
172200,0.220703125
172300,0.2137451171875
172400,0.210205078125
172500,0.2115478515625
172600,0.2239990234375
172700,0.21044921875
172800,0.225341796875
172900,0.21630859375
173000,0.217529296875
173100,0.2225341796875
173200,0.2088623046875
173300,0.211669921875
173400,0.2010498046875
173500,0.2138671875
173600,0.20947265625
173700,0.20751953125
173800,0.2239990234375
173900,0.21044921875
174000,0.2191162109375
174100,0.2205810546875
174200,0.2108154296875
174300,0.2227783203125
174400,0.202392578125
174500,0.204833984375
174600,0.191162109375
174700,0.201416015625
174800,0.2117919921875
174900,0.2193603515625
175000,0.2032470703125
175100,0.21875
175200,0.205078125
175300,0.2056884765625
175400,0.2049560546875
175500,0.209716796875
175600,0.2117919921875
175700,0.218017578125
175800,0.215087890625
175900,0.220458984375
176000,0.206787109375
176100,0.2037353515625
176200,0.213134765625
176300,0.2135009765625
176400,0.21044921875
176500,0.22265625
176600,0.199951171875
176700,0.22314453125
176800,0.197998046875
176900,0.215576171875
177000,0.2138671875
177100,0.2091064453125
177200,0.2227783203125
177300,0.2095947265625
177400,0.2181396484375
177500,0.20654296875
177600,0.217041015625
177700,0.1939697265625
177800,0.2149658203125
177900,0.2275390625
178000,0.2099609375
178100,0.2080078125
178200,0.20654296875
178300,0.211669921875
178400,0.2239990234375
178500,0.209228515625
178600,0.2130126953125
178700,0.2198486328125
178800,0.2099609375
178900,0.220947265625
179000,0.2083740234375
179100,0.222900390625
179200,0.2130126953125
179300,0.2310791015625
179400,0.19921875
179500,0.2098388671875
179600,0.2119140625
179700,0.20751953125
179800,0.2105712890625
179900,0.20458984375
180000,0.2152099609375
180100,0.2183837890625
180200,0.2110595703125
180300,0.20751953125
180400,0.2210693359375
180500,0.199951171875
180600,0.2171630859375
180700,0.2100830078125
180800,0.2054443359375
180900,0.2230224609375
181000,0.2203369140625
181100,0.2001953125
181200,0.2247314453125
181300,0.20263671875
181400,0.2220458984375
181500,0.2222900390625
181600,0.214599609375
181700,0.2154541015625
181800,0.2076416015625
181900,0.2164306640625
182000,0.2100830078125
182100,0.214599609375
182200,0.2177734375
182300,0.2152099609375
182400,0.21240234375
182500,0.22119140625
182600,0.2135009765625
182700,0.2237548828125
182800,0.21435546875
182900,0.2144775390625
183000,0.2193603515625
183100,0.20556640625
183200,0.2158203125
183300,0.2080078125
183400,0.213623046875
183500,0.2022705078125
183600,0.19921875
183700,0.22216796875
183800,0.2064208984375
183900,0.2122802734375
184000,0.23291015625
184100,0.2232666015625
184200,0.205078125
184300,0.2113037109375
184400,0.2095947265625
184500,0.2080078125
184600,0.205810546875
184700,0.20703125
184800,0.225830078125
184900,0.2174072265625
185000,0.20703125
185100,0.2093505859375
185200,0.2073974609375
185300,0.2025146484375
185400,0.2108154296875
185500,0.215576171875
185600,0.2239990234375
185700,0.2216796875
185800,0.20654296875
185900,0.2049560546875
186000,0.2210693359375
186100,0.212646484375
186200,0.203125
186300,0.2100830078125
186400,0.193603515625
186500,0.2069091796875
186600,0.1929931640625
186700,0.20458984375
186800,0.212158203125
186900,0.2191162109375
187000,0.1986083984375
187100,0.2235107421875
187200,0.2130126953125
187300,0.203857421875
187400,0.221923828125
187500,0.213134765625
187600,0.218017578125
187700,0.1964111328125
187800,0.2000732421875
187900,0.20556640625
188000,0.20849609375
188100,0.2127685546875
188200,0.2078857421875
188300,0.2174072265625
188400,0.211181640625
188500,0.2108154296875
188600,0.21533203125
188700,0.2196044921875
188800,0.2081298828125
188900,0.2047119140625
189000,0.2198486328125
189100,0.208740234375
189200,0.2135009765625
189300,0.2000732421875
189400,0.2242431640625
189500,0.2186279296875
189600,0.1993408203125
189700,0.2117919921875
189800,0.19921875
189900,0.2177734375
190000,0.2130126953125
190100,0.2216796875
190200,0.224365234375
190300,0.2098388671875
190400,0.2022705078125
190500,0.221435546875
190600,0.2025146484375
190700,0.2000732421875
190800,0.2215576171875
190900,0.2125244140625
191000,0.203857421875
191100,0.208740234375
191200,0.202392578125
191300,0.216064453125
191400,0.219482421875
191500,0.21484375
191600,0.2244873046875
191700,0.2244873046875
191800,0.2191162109375
191900,0.2003173828125
192000,0.197509765625
192100,0.2152099609375
192200,0.204345703125
192300,0.218017578125
192400,0.2001953125
192500,0.2149658203125
192600,0.2220458984375
192700,0.197998046875
192800,0.2034912109375
192900,0.2305908203125
193000,0.2044677734375
193100,0.2178955078125
193200,0.2042236328125
193300,0.2091064453125
193400,0.2098388671875
193500,0.2076416015625
193600,0.211669921875
193700,0.20703125
193800,0.2078857421875
193900,0.191162109375
194000,0.199951171875
194100,0.2066650390625
194200,0.216796875
194300,0.2152099609375
194400,0.2020263671875
194500,0.21484375
194600,0.2086181640625
194700,0.1978759765625
194800,0.2086181640625
194900,0.211181640625
195000,0.20458984375
195100,0.1988525390625
195200,0.201171875
195300,0.2086181640625
195400,0.2052001953125
195500,0.1942138671875
195600,0.215087890625
195700,0.2000732421875
195800,0.20458984375
195900,0.2109375
196000,0.2181396484375
196100,0.2095947265625
196200,0.20166015625
196300,0.21435546875
196400,0.208740234375
196500,0.215576171875
196600,0.2073974609375
196700,0.2012939453125
196800,0.20751953125
196900,0.2059326171875
197000,0.2076416015625
197100,0.2034912109375
197200,0.22265625
197300,0.1907958984375
197400,0.216552734375
197500,0.2059326171875
197600,0.2099609375
197700,0.20654296875
197800,0.2001953125
197900,0.1934814453125
198000,0.1976318359375
198100,0.2083740234375
198200,0.1932373046875
198300,0.21533203125
198400,0.193115234375
198500,0.2122802734375
198600,0.1920166015625
198700,0.204833984375
198800,0.20166015625
198900,0.2113037109375
199000,0.216064453125
199100,0.211669921875
199200,0.1961669921875
199300,0.2021484375
199400,0.205078125
199500,0.1934814453125
199600,0.205078125
199700,0.2147216796875
199800,0.2061767578125
199900,0.216064453125
200000,0.20361328125
200100,0.2080078125
200200,0.189697265625
200300,0.2164306640625
200400,0.204345703125
200500,0.212646484375
200600,0.214599609375
200700,0.2115478515625
200800,0.20458984375
200900,0.2037353515625
201000,0.2017822265625
201100,0.18896484375
201200,0.2064208984375
201300,0.2088623046875
201400,0.2052001953125
201500,0.203369140625
201600,0.201904296875
201700,0.2083740234375
201800,0.2135009765625
201900,0.2091064453125
202000,0.2025146484375
202100,0.212890625
202200,0.204345703125
202300,0.204833984375
202400,0.21142578125
202500,0.2127685546875
202600,0.20361328125
202700,0.2255859375
202800,0.206787109375
202900,0.2076416015625
203000,0.1971435546875
203100,0.19677734375
203200,0.202880859375
203300,0.2137451171875
203400,0.20703125
203500,0.2120361328125
203600,0.2083740234375
203700,0.20703125
203800,0.207275390625
203900,0.197021484375
204000,0.2166748046875
204100,0.2109375
204200,0.203857421875
204300,0.2275390625
204400,0.2093505859375
204500,0.198974609375
204600,0.2176513671875
204700,0.2012939453125
204800,0.2060546875
204900,0.219970703125
205000,0.2115478515625
205100,0.2021484375
205200,0.2049560546875
205300,0.20751953125
205400,0.2113037109375
205500,0.21142578125
205600,0.2147216796875
205700,0.2156982421875
205800,0.2080078125
205900,0.211669921875
206000,0.217529296875
206100,0.217041015625
206200,0.2041015625
206300,0.2154541015625
206400,0.2166748046875
206500,0.2059326171875
206600,0.1981201171875
206700,0.2073974609375
206800,0.2054443359375
206900,0.196533203125
207000,0.1910400390625
207100,0.2139892578125
207200,0.205322265625
207300,0.20458984375
207400,0.201171875
207500,0.2149658203125
207600,0.2130126953125
207700,0.1932373046875
207800,0.203125
207900,0.1990966796875
208000,0.2069091796875
208100,0.2108154296875
208200,0.212890625
208300,0.2109375
208400,0.203857421875
208500,0.20654296875
208600,0.205078125
208700,0.19873046875
208800,0.21630859375
208900,0.2095947265625
209000,0.2166748046875
209100,0.21240234375
209200,0.2003173828125
209300,0.2069091796875
209400,0.2113037109375
209500,0.2017822265625
209600,0.2039794921875
209700,0.208740234375
209800,0.1956787109375
209900,0.207275390625
210000,0.193359375
210100,0.1878662109375
210200,0.214599609375
210300,0.21240234375
210400,0.1923828125
210500,0.2166748046875
210600,0.199951171875
210700,0.2025146484375
210800,0.2061767578125
210900,0.2021484375
211000,0.2047119140625
211100,0.1876220703125
211200,0.2022705078125
211300,0.20166015625
211400,0.2066650390625
211500,0.204833984375
211600,0.2022705078125
211700,0.2147216796875
211800,0.2017822265625
211900,0.2139892578125
212000,0.2093505859375
212100,0.2177734375
212200,0.197265625
212300,0.2015380859375
212400,0.20556640625
212500,0.20849609375
212600,0.205322265625
212700,0.19140625
212800,0.213134765625
212900,0.2025146484375
213000,0.1954345703125
213100,0.1981201171875
213200,0.1956787109375
213300,0.2119140625
213400,0.2110595703125
213500,0.212646484375
213600,0.2147216796875
213700,0.21240234375
213800,0.1922607421875
213900,0.20751953125
214000,0.1905517578125
214100,0.204345703125
214200,0.2110595703125
214300,0.1925048828125
214400,0.1986083984375
214500,0.189208984375
214600,0.1905517578125
214700,0.21142578125
214800,0.2034912109375
214900,0.2098388671875
215000,0.2159423828125
215100,0.2044677734375
215200,0.2066650390625
215300,0.1962890625
215400,0.1976318359375
215500,0.2021484375
215600,0.201171875
215700,0.20166015625
215800,0.2001953125
215900,0.2081298828125
216000,0.2083740234375
216100,0.2022705078125
216200,0.2054443359375
216300,0.22607421875
216400,0.1907958984375
216500,0.2049560546875
216600,0.205078125
216700,0.2071533203125
216800,0.2037353515625
216900,0.2100830078125
217000,0.1964111328125
217100,0.20068359375
217200,0.20556640625
217300,0.2015380859375
217400,0.194091796875
217500,0.1998291015625
217600,0.2003173828125
217700,0.204833984375
217800,0.203857421875
217900,0.217529296875
218000,0.19921875
218100,0.197509765625
218200,0.20654296875
218300,0.2156982421875
218400,0.2012939453125
218500,0.199462890625
218600,0.1947021484375
218700,0.19287109375
218800,0.1990966796875
218900,0.1868896484375
219000,0.2044677734375
219100,0.1998291015625
219200,0.203369140625
219300,0.2059326171875
219400,0.2127685546875
219500,0.2017822265625
219600,0.2032470703125
219700,0.1934814453125
219800,0.2042236328125
219900,0.2069091796875
220000,0.2021484375
220100,0.1988525390625
220200,0.2056884765625
220300,0.2034912109375
220400,0.2039794921875
220500,0.201171875
220600,0.207763671875
220700,0.1898193359375
220800,0.218994140625
220900,0.204833984375
221000,0.19775390625
221100,0.197509765625
221200,0.185302734375
221300,0.192138671875
221400,0.1923828125
221500,0.1895751953125
221600,0.20068359375
221700,0.2061767578125
221800,0.203369140625
221900,0.193359375
222000,0.1971435546875
222100,0.192138671875
222200,0.200927734375
222300,0.2039794921875
222400,0.2130126953125
222500,0.207763671875
222600,0.1898193359375
222700,0.197509765625
222800,0.1993408203125
222900,0.19677734375
223000,0.1932373046875
223100,0.203369140625
223200,0.2017822265625
223300,0.2034912109375
223400,0.1910400390625
223500,0.197509765625
223600,0.1983642578125
223700,0.2017822265625
223800,0.2008056640625
223900,0.2120361328125
224000,0.209228515625
224100,0.2003173828125
224200,0.1932373046875
224300,0.2047119140625
224400,0.1956787109375
224500,0.1898193359375
224600,0.213623046875
224700,0.2069091796875
224800,0.1903076171875
224900,0.2064208984375
225000,0.1939697265625
225100,0.2008056640625
225200,0.21044921875
225300,0.196044921875
225400,0.20166015625
225500,0.1968994140625
225600,0.2088623046875
225700,0.1956787109375
225800,0.204345703125
225900,0.20751953125
226000,0.2042236328125
226100,0.217529296875
226200,0.1922607421875
226300,0.186767578125
226400,0.19970703125
226500,0.198974609375
226600,0.1983642578125
226700,0.214111328125
226800,0.2049560546875
226900,0.1968994140625
227000,0.209228515625
227100,0.2001953125
227200,0.1932373046875
227300,0.1939697265625
227400,0.1983642578125
227500,0.191650390625
227600,0.2017822265625
227700,0.2110595703125
227800,0.201904296875
227900,0.199462890625
228000,0.2119140625
228100,0.2069091796875
228200,0.1966552734375
228300,0.200439453125
228400,0.209716796875
228500,0.208251953125
228600,0.197509765625
228700,0.198974609375
228800,0.201416015625
228900,0.2091064453125
229000,0.2059326171875
229100,0.2059326171875
229200,0.204345703125
229300,0.205322265625
229400,0.2113037109375
229500,0.205322265625
229600,0.2017822265625
229700,0.1964111328125
229800,0.2147216796875
229900,0.200439453125
230000,0.1978759765625
230100,0.1988525390625
230200,0.2027587890625
230300,0.1942138671875
230400,0.197509765625
230500,0.2083740234375
230600,0.1966552734375
230700,0.2060546875
230800,0.2015380859375
230900,0.2095947265625
231000,0.202392578125
231100,0.18994140625
231200,0.2042236328125
231300,0.2010498046875
231400,0.1961669921875
231500,0.206298828125
231600,0.208251953125
231700,0.1968994140625
231800,0.2047119140625
231900,0.1968994140625
232000,0.19091796875
232100,0.1910400390625
232200,0.2088623046875
232300,0.2078857421875
232400,0.1998291015625
232500,0.205078125
232600,0.1915283203125
232700,0.20068359375
232800,0.2069091796875
232900,0.206298828125
233000,0.20068359375
233100,0.1995849609375
233200,0.1993408203125
233300,0.197021484375
233400,0.1861572265625
233500,0.2008056640625
233600,0.2012939453125
233700,0.2078857421875
233800,0.1995849609375
233900,0.2059326171875
234000,0.201171875
234100,0.208251953125
234200,0.2109375
234300,0.201904296875
234400,0.2012939453125
234500,0.188232421875
234600,0.1923828125
234700,0.198486328125
234800,0.202880859375
234900,0.207275390625
235000,0.1922607421875
235100,0.19921875
235200,0.19482421875
235300,0.1944580078125
235400,0.2171630859375
235500,0.21923828125
235600,0.182861328125
235700,0.201904296875
235800,0.20458984375
235900,0.204345703125
236000,0.19775390625
236100,0.18408203125
236200,0.2215576171875
236300,0.1966552734375
236400,0.194091796875
236500,0.198486328125
236600,0.1832275390625
236700,0.2110595703125
236800,0.209716796875
236900,0.2147216796875
237000,0.20263671875
237100,0.203369140625
237200,0.1910400390625
237300,0.2049560546875
237400,0.1944580078125
237500,0.20166015625
237600,0.20947265625
237700,0.1881103515625
237800,0.18505859375
237900,0.2037353515625
238000,0.1944580078125
238100,0.200439453125
238200,0.1943359375
238300,0.2178955078125
238400,0.201171875
238500,0.1934814453125
238600,0.20166015625
238700,0.194091796875
238800,0.19970703125
238900,0.2047119140625
239000,0.19482421875
239100,0.1912841796875
239200,0.1986083984375
239300,0.199951171875
239400,0.2017822265625
239500,0.1983642578125
239600,0.205810546875
239700,0.2171630859375
239800,0.1820068359375
239900,0.2127685546875
240000,0.193359375
240100,0.2000732421875
240200,0.2020263671875
240300,0.210693359375
240400,0.19189453125
240500,0.206298828125
240600,0.20263671875
240700,0.1912841796875
240800,0.2020263671875
240900,0.203125
241000,0.2010498046875
241100,0.1973876953125
241200,0.1966552734375
241300,0.203369140625
241400,0.19384765625
241500,0.197265625
241600,0.1982421875
241700,0.196533203125
241800,0.189208984375
241900,0.188232421875
242000,0.1973876953125
242100,0.1944580078125
242200,0.1966552734375
242300,0.1859130859375
242400,0.200927734375
242500,0.1990966796875
242600,0.1986083984375
242700,0.1982421875
242800,0.2027587890625
242900,0.19140625
243000,0.194091796875
243100,0.1998291015625
243200,0.2039794921875
243300,0.1961669921875
243400,0.2066650390625
243500,0.19189453125
243600,0.1962890625
243700,0.197509765625
243800,0.193359375
243900,0.195556640625
244000,0.21337890625
244100,0.197021484375
244200,0.21630859375
244300,0.2034912109375
244400,0.204345703125
244500,0.186279296875
244600,0.1871337890625
244700,0.1837158203125
244800,0.1947021484375
244900,0.1954345703125
245000,0.19384765625
245100,0.1851806640625
245200,0.1966552734375
245300,0.188232421875
245400,0.188720703125
245500,0.1864013671875
245600,0.1956787109375
245700,0.2041015625
245800,0.206787109375
245900,0.1986083984375
246000,0.1904296875
246100,0.19677734375
246200,0.1954345703125
246300,0.1920166015625
246400,0.1907958984375
246500,0.207275390625
246600,0.197265625
246700,0.1912841796875
246800,0.2027587890625
246900,0.19384765625
247000,0.1890869140625
247100,0.203857421875
247200,0.192138671875
247300,0.1959228515625
247400,0.208984375
247500,0.194580078125
247600,0.2008056640625
247700,0.1915283203125
247800,0.1883544921875
247900,0.1795654296875
248000,0.2049560546875
248100,0.20458984375
248200,0.1949462890625
248300,0.1966552734375
248400,0.193603515625
248500,0.190673828125
248600,0.2073974609375
248700,0.1978759765625
248800,0.205078125
248900,0.1859130859375
249000,0.20458984375
249100,0.199462890625
249200,0.20361328125
249300,0.193359375
249400,0.1983642578125
249500,0.2176513671875
249600,0.192138671875
249700,0.195556640625
249800,0.1903076171875
249900,0.1947021484375
250000,0.1943359375
250100,0.202392578125
250200,0.1990966796875
250300,0.19921875
250400,0.2027587890625
250500,0.1966552734375
250600,0.18994140625
250700,0.198486328125
250800,0.1978759765625
250900,0.196533203125
251000,0.1973876953125
251100,0.2216796875
251200,0.1932373046875
251300,0.1876220703125
251400,0.2071533203125
251500,0.1976318359375
251600,0.1922607421875
251700,0.2008056640625
251800,0.201416015625
251900,0.19580078125
252000,0.1875
252100,0.191650390625
252200,0.19775390625
252300,0.201171875
252400,0.1986083984375
252500,0.2138671875
252600,0.1929931640625
252700,0.2032470703125
252800,0.1986083984375
252900,0.19921875
253000,0.1923828125
253100,0.20703125
253200,0.203125
253300,0.1932373046875
253400,0.196533203125
253500,0.192626953125
253600,0.1971435546875
253700,0.1837158203125
253800,0.1976318359375
253900,0.1981201171875
254000,0.188232421875
254100,0.2020263671875
254200,0.1983642578125
254300,0.19970703125
254400,0.2091064453125
254500,0.195556640625
254600,0.1978759765625
254700,0.197998046875
254800,0.1995849609375
254900,0.208251953125
255000,0.2061767578125
255100,0.193359375
255200,0.198486328125
255300,0.188232421875
255400,0.189697265625
255500,0.19287109375
255600,0.205322265625
255700,0.1971435546875
255800,0.2032470703125
255900,0.196533203125
256000,0.1859130859375
256100,0.1976318359375
256200,0.2081298828125
256300,0.191162109375
256400,0.1904296875
256500,0.1954345703125
256600,0.1927490234375
256700,0.1741943359375
256800,0.197021484375
256900,0.1953125
257000,0.2005615234375
257100,0.202880859375
257200,0.2054443359375
257300,0.2025146484375
257400,0.19482421875
257500,0.2059326171875
257600,0.20068359375
257700,0.214599609375
257800,0.19677734375
257900,0.1898193359375
258000,0.186279296875
258100,0.2015380859375
258200,0.1873779296875
258300,0.200439453125
258400,0.191650390625
258500,0.2020263671875
258600,0.189697265625
258700,0.195556640625
258800,0.203125
258900,0.2064208984375
259000,0.1822509765625
259100,0.199462890625
259200,0.1959228515625
259300,0.1986083984375
259400,0.1973876953125
259500,0.18505859375
259600,0.212646484375
259700,0.1859130859375
259800,0.1866455078125
259900,0.191162109375
260000,0.1878662109375
260100,0.2076416015625
260200,0.2025146484375
260300,0.20361328125
260400,0.199462890625
260500,0.1920166015625
260600,0.2041015625
260700,0.1961669921875
260800,0.189697265625
260900,0.1942138671875
261000,0.2154541015625
261100,0.19189453125
261200,0.193359375
261300,0.1964111328125
261400,0.2008056640625
261500,0.197265625
261600,0.1881103515625
261700,0.209716796875
261800,0.2030029296875
261900,0.18701171875
262000,0.191650390625
262100,0.1864013671875
262200,0.185302734375
262300,0.191650390625
262400,0.19287109375
262500,0.1988525390625
262600,0.1962890625
262700,0.1920166015625
262800,0.2039794921875
262900,0.1907958984375
263000,0.2115478515625
263100,0.209228515625
263200,0.179443359375
263300,0.2027587890625
263400,0.1920166015625
263500,0.195556640625
263600,0.1898193359375
263700,0.208251953125
263800,0.188720703125
263900,0.19384765625
264000,0.186279296875
264100,0.1849365234375
264200,0.188232421875
264300,0.1990966796875
264400,0.1942138671875
264500,0.1962890625
264600,0.188232421875
264700,0.2001953125
264800,0.1871337890625
264900,0.1871337890625
265000,0.201416015625
265100,0.193115234375
265200,0.194091796875
265300,0.1795654296875
265400,0.189208984375
265500,0.197265625
265600,0.186767578125
265700,0.1826171875
265800,0.195556640625
265900,0.1961669921875
266000,0.1982421875
266100,0.197265625
266200,0.2022705078125
266300,0.1895751953125
266400,0.189208984375
266500,0.1910400390625
266600,0.1954345703125
266700,0.1947021484375
266800,0.197021484375
266900,0.1826171875
267000,0.1962890625
267100,0.192138671875
267200,0.193359375
267300,0.199951171875
267400,0.1910400390625
267500,0.201416015625
267600,0.2025146484375
267700,0.20166015625
267800,0.1971435546875
267900,0.1827392578125
268000,0.188232421875
268100,0.1844482421875
268200,0.1962890625
268300,0.1815185546875
268400,0.1986083984375
268500,0.180908203125
268600,0.20458984375
268700,0.1815185546875
268800,0.191162109375
268900,0.183837890625
269000,0.1951904296875
269100,0.2000732421875
269200,0.197998046875
269300,0.195556640625
269400,0.18603515625
269500,0.1905517578125
269600,0.1932373046875
269700,0.18115234375
269800,0.1949462890625
269900,0.1943359375
270000,0.2003173828125
270100,0.1820068359375
270200,0.1968994140625
270300,0.1942138671875
270400,0.1868896484375
270500,0.194091796875
270600,0.19140625
270700,0.19677734375
270800,0.1998291015625
270900,0.1944580078125
271000,0.1922607421875
271100,0.1878662109375
271200,0.1875
271300,0.19091796875
271400,0.2003173828125
271500,0.1954345703125
271600,0.1932373046875
271700,0.1885986328125
271800,0.1885986328125
271900,0.18896484375
272000,0.2034912109375
272100,0.1883544921875
272200,0.2010498046875
272300,0.1837158203125
272400,0.2099609375
272500,0.195556640625
272600,0.194580078125
272700,0.190185546875
272800,0.197265625
272900,0.2005615234375
273000,0.1871337890625
273100,0.1826171875
273200,0.18896484375
273300,0.186279296875
273400,0.18994140625
273500,0.2078857421875
273600,0.1990966796875
273700,0.191650390625
273800,0.1954345703125
273900,0.194580078125
274000,0.1839599609375
274100,0.1861572265625
274200,0.18994140625
274300,0.19970703125
274400,0.192138671875
274500,0.208251953125
274600,0.18896484375
274700,0.196044921875
274800,0.203857421875
274900,0.20556640625
275000,0.1888427734375
275100,0.196533203125
275200,0.19580078125
275300,0.202392578125
275400,0.1815185546875
275500,0.1990966796875
275600,0.196533203125
275700,0.2044677734375
275800,0.1900634765625
275900,0.19775390625
276000,0.2034912109375
276100,0.201171875
276200,0.1968994140625
276300,0.19580078125
276400,0.19384765625
276500,0.20068359375
276600,0.2015380859375
276700,0.1888427734375
276800,0.1905517578125
276900,0.1942138671875
277000,0.1959228515625
277100,0.1763916015625
277200,0.205078125
277300,0.1920166015625
277400,0.1915283203125
277500,0.189453125
277600,0.1949462890625
277700,0.192626953125
277800,0.2001953125
277900,0.18701171875
278000,0.1829833984375
278100,0.1883544921875
278200,0.19140625
278300,0.206298828125
278400,0.19873046875
278500,0.183349609375
278600,0.193115234375
278700,0.1866455078125
278800,0.18310546875
278900,0.1884765625
279000,0.1895751953125
279100,0.1978759765625
279200,0.205810546875
279300,0.1949462890625
279400,0.1859130859375
279500,0.18994140625
279600,0.20263671875
279700,0.193115234375
279800,0.186767578125
279900,0.193359375
280000,0.1883544921875
280100,0.1802978515625
280200,0.1861572265625
280300,0.1883544921875
280400,0.200927734375
280500,0.1903076171875
280600,0.1920166015625
280700,0.189697265625
280800,0.187744140625
280900,0.1904296875
281000,0.1949462890625
281100,0.2103271484375
281200,0.19091796875
281300,0.184814453125
281400,0.182373046875
281500,0.187744140625
281600,0.19873046875
281700,0.1944580078125
281800,0.1907958984375
281900,0.1922607421875
282000,0.1876220703125
282100,0.1954345703125
282200,0.1929931640625
282300,0.2030029296875
282400,0.1783447265625
282500,0.1920166015625
282600,0.1981201171875
282700,0.200927734375
282800,0.1878662109375
282900,0.1861572265625
283000,0.1971435546875
283100,0.1832275390625
283200,0.1827392578125
283300,0.1820068359375
283400,0.193359375
283500,0.1990966796875
283600,0.2000732421875
283700,0.2105712890625
283800,0.2005615234375
283900,0.183837890625
284000,0.194580078125
284100,0.1884765625
284200,0.18994140625
284300,0.1878662109375
284400,0.2064208984375
284500,0.18115234375
284600,0.1842041015625
284700,0.188232421875
284800,0.188232421875
284900,0.1920166015625
285000,0.188720703125
285100,0.2091064453125
285200,0.194580078125
285300,0.194580078125
285400,0.175048828125
285500,0.1910400390625
285600,0.1923828125
285700,0.18896484375
285800,0.18798828125
285900,0.19384765625
286000,0.1937255859375
286100,0.188232421875
286200,0.1890869140625
286300,0.177490234375
286400,0.2025146484375
286500,0.195068359375
286600,0.18798828125
286700,0.2027587890625
286800,0.2000732421875
286900,0.1954345703125
287000,0.1851806640625
287100,0.2030029296875
287200,0.1866455078125
287300,0.189208984375
287400,0.1846923828125
287500,0.1859130859375
287600,0.1800537109375
287700,0.2003173828125
287800,0.2021484375
287900,0.1939697265625
288000,0.202392578125
288100,0.18896484375
288200,0.1842041015625
288300,0.1910400390625
288400,0.189208984375
288500,0.1884765625
288600,0.1875
288700,0.18408203125
288800,0.18603515625
288900,0.17919921875
289000,0.1839599609375
289100,0.1846923828125
289200,0.19677734375
289300,0.19970703125
289400,0.19189453125
289500,0.1932373046875
289600,0.1990966796875
289700,0.1942138671875
289800,0.1832275390625
289900,0.194580078125
290000,0.1976318359375
290100,0.1856689453125
290200,0.1844482421875
290300,0.1871337890625
290400,0.186279296875
290500,0.1796875
290600,0.1917724609375
290700,0.19140625
290800,0.18212890625
290900,0.1964111328125
291000,0.1947021484375
291100,0.1910400390625
291200,0.19482421875
291300,0.175537109375
291400,0.1798095703125
291500,0.1685791015625
291600,0.1893310546875
291700,0.1861572265625
291800,0.197998046875
291900,0.1787109375
292000,0.194580078125
292100,0.1807861328125
292200,0.1883544921875
292300,0.1727294921875
292400,0.1885986328125
292500,0.190185546875
292600,0.1982421875
292700,0.188232421875
292800,0.1888427734375
292900,0.17578125
293000,0.190185546875
293100,0.1785888671875
293200,0.1988525390625
293300,0.1856689453125
293400,0.2047119140625
293500,0.1826171875
293600,0.2064208984375
293700,0.1802978515625
293800,0.1917724609375
293900,0.1842041015625
294000,0.19140625
294100,0.201171875
294200,0.1898193359375
294300,0.19775390625
294400,0.1875
294500,0.18798828125
294600,0.173583984375
294700,0.1871337890625
294800,0.1903076171875
294900,0.1871337890625
295000,0.1912841796875
295100,0.183837890625
295200,0.182861328125
295300,0.18701171875
295400,0.2039794921875
295500,0.1922607421875
295600,0.2025146484375
295700,0.1802978515625
295800,0.18994140625
295900,0.190185546875
296000,0.185302734375
296100,0.190673828125
296200,0.2060546875
296300,0.1954345703125
296400,0.1929931640625
296500,0.17626953125
296600,0.188720703125
296700,0.1839599609375
296800,0.1849365234375
296900,0.2086181640625
297000,0.19775390625
297100,0.18701171875
297200,0.1982421875
297300,0.1893310546875
297400,0.1839599609375
297500,0.1871337890625
297600,0.1895751953125
297700,0.19091796875
297800,0.195556640625
297900,0.2135009765625
298000,0.1719970703125
298100,0.199462890625
298200,0.19091796875
298300,0.1973876953125
298400,0.1915283203125
298500,0.1961669921875
298600,0.1939697265625
298700,0.187255859375
298800,0.1871337890625
298900,0.197509765625
299000,0.191162109375
299100,0.197509765625
299200,0.1934814453125
299300,0.1812744140625
299400,0.1953125
299500,0.193115234375
299600,0.1990966796875
299700,0.1903076171875
299800,0.18701171875
299900,0.1881103515625
300000,0.1910400390625
300100,0.188720703125
300200,0.1949462890625
300300,0.1968994140625
300400,0.1907958984375
300500,0.176025390625
300600,0.2119140625
300700,0.182861328125
300800,0.1956787109375
300900,0.1934814453125
301000,0.1873779296875
301100,0.1947021484375
301200,0.1881103515625
301300,0.1812744140625
301400,0.1795654296875
301500,0.1920166015625
301600,0.178955078125
301700,0.1998291015625
301800,0.1917724609375
301900,0.1788330078125
302000,0.186767578125
302100,0.1885986328125
302200,0.1734619140625
302300,0.1881103515625
302400,0.1929931640625
302500,0.1983642578125
302600,0.1976318359375
302700,0.18896484375
302800,0.1761474609375
302900,0.1920166015625
303000,0.194091796875
303100,0.1934814453125
303200,0.186767578125
303300,0.1875
303400,0.17724609375
303500,0.173583984375
303600,0.1802978515625
303700,0.1937255859375
303800,0.1961669921875
303900,0.1890869140625
304000,0.1982421875
304100,0.1888427734375
304200,0.1968994140625
304300,0.1888427734375
304400,0.1849365234375
304500,0.2003173828125
304600,0.18505859375
304700,0.1815185546875
304800,0.189697265625
304900,0.1890869140625
305000,0.18798828125
305100,0.1864013671875
305200,0.197509765625
305300,0.1849365234375
305400,0.18017578125
305500,0.1976318359375
305600,0.196044921875
305700,0.194091796875
305800,0.179931640625
305900,0.1981201171875
306000,0.19189453125
306100,0.1904296875
306200,0.1761474609375
306300,0.1934814453125
306400,0.2017822265625
306500,0.18212890625
306600,0.1844482421875
306700,0.170166015625
306800,0.1900634765625
306900,0.197509765625
307000,0.19140625
307100,0.2109375
307200,0.1895751953125
307300,0.1710205078125
307400,0.2039794921875
307500,0.17333984375
307600,0.1842041015625
307700,0.2042236328125
307800,0.1968994140625
307900,0.1806640625
308000,0.18798828125
308100,0.1798095703125
308200,0.1942138671875
308300,0.18798828125
308400,0.1807861328125
308500,0.1973876953125
308600,0.1881103515625
308700,0.1907958984375
308800,0.18212890625
308900,0.1873779296875
309000,0.18505859375
309100,0.185546875
309200,0.19091796875
309300,0.1881103515625
309400,0.1937255859375
309500,0.1932373046875
309600,0.1812744140625
309700,0.18603515625
309800,0.210205078125
309900,0.182373046875
310000,0.1973876953125
310100,0.1881103515625
310200,0.1890869140625
310300,0.199462890625
310400,0.19873046875
310500,0.190673828125
310600,0.18994140625
310700,0.1829833984375
310800,0.1748046875
310900,0.184326171875
311000,0.188232421875
311100,0.1944580078125
311200,0.1937255859375
311300,0.1854248046875
311400,0.195556640625
311500,0.1812744140625
311600,0.183837890625
311700,0.1817626953125
311800,0.19189453125
311900,0.179931640625
312000,0.179443359375
312100,0.185302734375
312200,0.190673828125
312300,0.178466796875
312400,0.1790771484375
312500,0.1905517578125
312600,0.187744140625
312700,0.193359375
312800,0.1925048828125
312900,0.197998046875
313000,0.186767578125
313100,0.1959228515625
313200,0.18359375
313300,0.19580078125
313400,0.19482421875
313500,0.193115234375
313600,0.18115234375
313700,0.179931640625
313800,0.1904296875
313900,0.1832275390625
314000,0.181396484375
314100,0.186767578125
314200,0.18505859375
314300,0.2005615234375
314400,0.195556640625
314500,0.1861572265625
314600,0.189697265625
314700,0.171875
314800,0.1822509765625
314900,0.1759033203125
315000,0.177490234375
315100,0.1851806640625
315200,0.1912841796875
315300,0.1705322265625
315400,0.1907958984375
315500,0.176513671875
315600,0.1915283203125
315700,0.1741943359375
315800,0.182861328125
315900,0.1944580078125
316000,0.187744140625
316100,0.18408203125
316200,0.1834716796875
316300,0.188232421875
316400,0.17529296875
316500,0.1922607421875
316600,0.1834716796875
316700,0.1807861328125
316800,0.196044921875
316900,0.1788330078125
317000,0.1968994140625
317100,0.17626953125
317200,0.1884765625
317300,0.197265625
317400,0.1923828125
317500,0.1986083984375
317600,0.18505859375
317700,0.1922607421875
317800,0.1739501953125
317900,0.1888427734375
318000,0.1634521484375
318100,0.19384765625
318200,0.1998291015625
318300,0.1800537109375
318400,0.1873779296875
318500,0.18896484375
318600,0.171630859375
318700,0.1842041015625
318800,0.1920166015625
318900,0.1868896484375
319000,0.191650390625
319100,0.17822265625
319200,0.1932373046875
319300,0.18896484375
319400,0.1927490234375
319500,0.1917724609375
319600,0.20361328125
319700,0.181396484375
319800,0.1859130859375
319900,0.177978515625
320000,0.1741943359375
320100,0.1787109375
320200,0.17578125
320300,0.1964111328125
320400,0.1923828125
320500,0.193359375
320600,0.183837890625
320700,0.1973876953125
320800,0.1788330078125
320900,0.1871337890625
321000,0.1824951171875
321100,0.181640625
321200,0.2015380859375
321300,0.1993408203125
321400,0.169921875
321500,0.1951904296875
321600,0.1837158203125
321700,0.19775390625
321800,0.1893310546875
321900,0.1998291015625
322000,0.1866455078125
322100,0.1865234375
322200,0.182861328125
322300,0.1959228515625
322400,0.186279296875
322500,0.1927490234375
322600,0.18505859375
322700,0.1812744140625
322800,0.18798828125
322900,0.196533203125
323000,0.1826171875
323100,0.1817626953125
323200,0.192626953125
323300,0.18994140625
323400,0.1802978515625
323500,0.1834716796875
323600,0.1807861328125
323700,0.1939697265625
323800,0.176025390625
323900,0.1722412109375
324000,0.2091064453125
324100,0.1842041015625
324200,0.1865234375
324300,0.194091796875
324400,0.193359375
324500,0.189453125
324600,0.1832275390625
324700,0.18896484375
324800,0.1783447265625
324900,0.182373046875
325000,0.1875
325100,0.2042236328125
325200,0.1954345703125
325300,0.1781005859375
325400,0.1871337890625
325500,0.1856689453125
325600,0.174072265625
325700,0.1861572265625
325800,0.1951904296875
325900,0.1904296875
326000,0.1832275390625
326100,0.1796875
326200,0.1771240234375
326300,0.194580078125
326400,0.1883544921875
326500,0.1844482421875
326600,0.1817626953125
326700,0.175537109375
326800,0.1854248046875
326900,0.173583984375
327000,0.169921875
327100,0.1973876953125
327200,0.1923828125
327300,0.18212890625
327400,0.1944580078125
327500,0.19140625
327600,0.1826171875
327700,0.1953125
327800,0.1810302734375
327900,0.199951171875
328000,0.1754150390625
328100,0.1729736328125
328200,0.1868896484375
328300,0.1851806640625
328400,0.1810302734375
328500,0.1866455078125
328600,0.1893310546875
328700,0.1849365234375
328800,0.1875
328900,0.188232421875
329000,0.198974609375
329100,0.1834716796875
329200,0.1781005859375
329300,0.1898193359375
329400,0.1815185546875
329500,0.197509765625
329600,0.170654296875
329700,0.191650390625
329800,0.1851806640625
329900,0.1827392578125
330000,0.1817626953125
330100,0.173583984375
330200,0.199462890625
330300,0.191162109375
330400,0.192626953125
330500,0.2047119140625
330600,0.184326171875
330700,0.167236328125
330800,0.1932373046875
330900,0.178955078125
331000,0.1761474609375
331100,0.192626953125
331200,0.1845703125
331300,0.1749267578125
331400,0.1815185546875
331500,0.1820068359375
331600,0.19189453125
331700,0.1832275390625
331800,0.1849365234375
331900,0.1983642578125
332000,0.1849365234375
332100,0.18359375
332200,0.1795654296875
332300,0.1771240234375
332400,0.1876220703125
332500,0.18017578125
332600,0.193115234375
332700,0.1849365234375
332800,0.1884765625
332900,0.189208984375
333000,0.18017578125
333100,0.1837158203125
333200,0.2012939453125
333300,0.1895751953125
333400,0.1868896484375
333500,0.187255859375
333600,0.1822509765625
333700,0.1903076171875
333800,0.1878662109375
333900,0.185546875
334000,0.1824951171875
334100,0.1834716796875
334200,0.170166015625
334300,0.1771240234375
334400,0.189453125
334500,0.19677734375
334600,0.199462890625
334700,0.1810302734375
334800,0.193115234375
334900,0.181884765625
335000,0.1783447265625
335100,0.184814453125
335200,0.1827392578125
335300,0.181884765625
335400,0.184814453125
335500,0.176513671875
335600,0.18701171875
335700,0.1845703125
335800,0.17236328125
335900,0.1829833984375
336000,0.1817626953125
336100,0.1805419921875
336200,0.196044921875
336300,0.19384765625
336400,0.1763916015625
336500,0.1851806640625
336600,0.1884765625
336700,0.188720703125
336800,0.1898193359375
336900,0.183837890625
337000,0.1717529296875
337100,0.1890869140625
337200,0.1800537109375
337300,0.1846923828125
337400,0.180908203125
337500,0.1905517578125
337600,0.171630859375
337700,0.20166015625
337800,0.193603515625
337900,0.1820068359375
338000,0.189453125
338100,0.1722412109375
338200,0.1815185546875
338300,0.1729736328125
338400,0.1796875
338500,0.1859130859375
338600,0.1806640625
338700,0.16845703125
338800,0.189697265625
338900,0.174072265625
339000,0.185791015625
339100,0.1707763671875
339200,0.18896484375
339300,0.1854248046875
339400,0.1873779296875
339500,0.175537109375
339600,0.1751708984375
339700,0.1773681640625
339800,0.1754150390625
339900,0.1787109375
340000,0.1806640625
340100,0.1824951171875
340200,0.1951904296875
340300,0.17626953125
340400,0.1900634765625
340500,0.1798095703125
340600,0.192626953125
340700,0.1829833984375
340800,0.1865234375
340900,0.1893310546875
341000,0.1798095703125
341100,0.1856689453125
341200,0.1739501953125
341300,0.1866455078125
341400,0.1729736328125
341500,0.1832275390625
341600,0.1912841796875
341700,0.18408203125
341800,0.1759033203125
341900,0.1820068359375
342000,0.1810302734375
342100,0.1883544921875
342200,0.1876220703125
342300,0.18603515625
342400,0.1864013671875
342500,0.1787109375
342600,0.1923828125
342700,0.18017578125
342800,0.1927490234375
342900,0.181884765625
343000,0.2071533203125
343100,0.181884765625
343200,0.1783447265625
343300,0.182373046875
343400,0.168701171875
343500,0.1759033203125
343600,0.1873779296875
343700,0.1893310546875
343800,0.1966552734375
343900,0.1826171875
344000,0.1849365234375
344100,0.18896484375
344200,0.1673583984375
344300,0.1868896484375
344400,0.1851806640625
344500,0.176025390625
344600,0.193603515625
344700,0.1893310546875
344800,0.1741943359375
344900,0.193603515625
345000,0.1932373046875
345100,0.18798828125
345200,0.1787109375
345300,0.2008056640625
345400,0.1815185546875
345500,0.1873779296875
345600,0.1796875
345700,0.1939697265625
345800,0.17919921875
345900,0.18994140625
346000,0.1910400390625
346100,0.182373046875
346200,0.18359375
346300,0.1920166015625
346400,0.182861328125
346500,0.181884765625
346600,0.182373046875
346700,0.1868896484375
346800,0.1817626953125
346900,0.18017578125
347000,0.185791015625
347100,0.1873779296875
347200,0.17041015625
347300,0.1795654296875
347400,0.192626953125
347500,0.18505859375
347600,0.175048828125
347700,0.1773681640625
347800,0.1971435546875
347900,0.186767578125
348000,0.1768798828125
348100,0.1884765625
348200,0.1812744140625
348300,0.1767578125
348400,0.18310546875
348500,0.192138671875
348600,0.18798828125
348700,0.1790771484375
348800,0.1846923828125
348900,0.1822509765625
349000,0.1705322265625
349100,0.189453125
349200,0.1907958984375
349300,0.1912841796875
349400,0.188232421875
349500,0.1783447265625
349600,0.1768798828125
349700,0.1832275390625
349800,0.1834716796875
349900,0.18408203125
350000,0.17724609375
350100,0.1678466796875
350200,0.185546875
350300,0.1707763671875
350400,0.1697998046875
350500,0.1976318359375
350600,0.1837158203125
350700,0.1787109375